Site,Lizard,ID,Toe?,Occasion,GPS N,GPS W,Coordinates Accurate?,ID Comments,Weight,Total Length,SVL,Sex,Tail Loss,Ova,th match?,Throat,Notes,Perm mark?
PH,42,42,(013 bead),41,33.93908,-116.61777,,n/a,2.1,92,43,f,y,0,,o.bl,,
DH,0,DH0,n/a,41,33.99021,-116.49747,,n/a,3.8,136,49,m,n,n/a,,y.bl,,
DH,0,DH0,n/a,42,33.99017,-116.49742,,n/a,,,,,,,,,,
DH,0,DH0,n/a,61,33.99023,-116.49748,,n/a,,,,,,,,,,
DH,0,DH0,n/a,62,33.99015,-116.49747,,n/a,,,,,,,,,,
DH,0,DH0,n/a,71,33.99023,-116.49757,,n/a,,,,,,,,,,
DH,0,DH0,n/a,72,33.99013,-116.49751,,n/a,,,,,,,,,,
DH,0,DH0,n/a,81,33.99007,-116.49734,,n/a,,,,,,,,,,
DH,0,DH0,n/a,101,33.99013,-116.49734,,n/a,,,,,,,,,,
DH,0,DH0,n/a,102,33.9902,-116.49741,,n/a,,,,,,,,,,
DH,1,DH1,n/a,41,33.99037,-116.49747,,moved 10 meters for subsequent captures,2.3,90,41,f,y,n/a,,o.gr,,
DH,1,DH1,n/a,42,33.99046,-116.49757,,n/a,,,,,,,,,,
DH,1,DH1,n/a,51,33.99051,-116.49754,,n/a,,,,,,,,,,
DH,1,DH1,n/a,51,33.99049,-116.49751,,n/a,,,,,,,,,,
DH,1,DH1,n/a,61,33.99044,-116.49754,,n/a,,,,,,,,,,
DH,1,DH1,n/a,62,33.9905,-116.49754,,n/a,,,,,,,,,,
DH,1,DH1,n/a,71,33.99046,-116.49754,,n/a,,,,,,,,,,
DH,1,DH1,n/a,72,33.99047,-116.49752,,n/a,,,,,,,,,,
DH,1,DH1,n/a,81,33.99044,-116.49757,,n/a,,,,,,,,,,
DH,10,DH10,7,12,33.99051,-116.49761,,n/a,2.4,108,41,f,y,n/a,na,n/a,,
DH,10,DH10,7,21,33.99051,-116.49762,,n/a,,,,,,,,,,
DH,10,DH10,7,51,33.99049,-116.49764,,"verified 13T07 as 010, scale photos, size, loc",2.5,109,42,f,y,1,,o.bl!,"found w male, tail starting to break at 2nd tag insert.",1
DH,10,DH10,7,62,33.99051,-116.49763,,n/a,,,,,,,,,,
DH,10,DH10,7,71,33.9905,-116.49777,,n/a,,,,,,,,,,
DH,10,DH10,7,72,33.99048,-116.49779,,n/a,,,,,,,,,,
DH,10,DH10,7,101,33.99062,-116.4976,,13 meters from other observations,,,,,,,,,,
DH,10,DH10,7,102,33.99051,-116.49767,,n/a,,,,,,,,,,
DH,11,DH11,3,11,33.99003,-116.49738,,n/a,2.9,114,41,f,y,n/a,,n/a,,
DH,11,DH11,3,12,33.99007,-116.49745,,n/a,,,,,,,,,,
DH,11,DH11,3,21,33.99009,-116.49738,,n/a,,,,,,,,,,
DH,11,DH11,3,51,33.99006,-116.49744,,"13T12 verified as 011, scale photos, loc, stats",2.8,124,44,f,y,0,,o.bl,,1
DH,11,DH11,3,52,33.99005,-116.49743,,n/a,,,,,,,,,,
DH,12,DH12,"9, 4",51,33.99049,-116.49754,,n/a,4.4,123,47,m,y,n/a,,o.bl,capture induce tail injury?,
DH,12,DH12,"9, 4",71,33.99047,-116.49761,,n/a,,,,,,,,,,
DH,12,DH12,"9, 4",72,33.99046,-116.49762,,n/a,,,,,,,,,,
DH,12,DH12,"9, 4",81,33.99054,-116.49757,,n/a,,,,,,,,,,
DH,13,DH13,n/a,61,33.99043,-116.49725,,n/a,2.2,111,38,m,n,n/a,,o.bl,tail appears to have begun a partial detatch,
DH,13,DH13,n/a,62,33.99042,-116.49721,,n/a,,,,,,,,,,
DH,13,DH13,n/a,71,33.99044,-116.49721,,n/a,,,,,,,,,,
DH,13,DH13,n/a,72,33.9905,-116.49718,,n/a,,,,,,,,,,
DH,13,DH13,n/a,81,33.9904,-116.4973,,n/a,,,,,,,,,,
DH,13T01,DH13T01,1,11,33.99005,-116.4973,,n/a,4.4,129,47,m,y,n/a,,n/a,,
DH,13T01,DH13T01,1,12,33.99014,-116.49739,,n/a,,,,,,,,,,
DH,13T05,DH13T05,5,11,33.99038,-116.49741,,n/a,4.1,136,46,m,n,n/a,,n/a,,
DH,13T05,DH13T05,5,12,33.99046,-116.49727,,n/a,,,,,,,,,,
DH,13T09,DH13T09,9,12,33.99031,-116.49735,,n/a,3,125,44,f,n,n/a,,n/a,,
DH,13T09,DH13T09,9,21,33.99035,-116.49742,,verified from 12 to 21,2.7,125,43,f,n,n/a,na,n/a,repaint,
DH,13T09,DH13T09,9,22,33.9903,-116.49744,,n/a,,,,,,,,,,
DH,13T09,DH13T09,9,23,33.99028,-116.49735,,n/a,,,,,,,,,,
DH,14,DH14,n/a,61,33.99005,-116.49731,,n/a,2.1,101,38,m,n,n/a,,o.bl,,
DH,14,DH14,n/a,62,33.99006,-116.49728,,n/a,,,,,,,,,,
DH,14,DH14,n/a,101,33.99006,-116.49754,,n/a,,,,,,,,,,
DH,14,DH14,n/a,102,33.99007,-116.49746,,n/a,,,,,,,,,,
DH,15,DH15,n/a,62,33.99052,-116.49738,,n/a,2.4,126,41,f,n,n/a,,o.bl,tail broken by tag,
DH,15,DH15,n/a,71,33.99052,-116.49744,,n/a,,,,,,,,,,
DH,15,DH15,n/a,81,33.99053,-116.49746,,n/a,,,,,,,,,,
DH,16,DH16,LY,62,33.99051,-116.49755,,n/a,2.8,120,47,m,y,0,,y.bl,tail dammaged by tagging,
DH,16,DH16,LY,81,33.99051,-116.49757,,n/a,,,,,,,,,,
DH,2,DH2,n/a,41,33.99013,-116.49767,,n/a,2.9,111,43,f,y,n/a,,o.gr,,
DH,2,DH2,n/a,42,n/a,n/a,,n/a,,,,,,,,,,
DH,2,DH2,n/a,81,33.98998,-116.49734,,33 meters from prev. occurance,,,,,,,,,,
DH,20,DH20,n/a,81,33.99032,-116.49744,,n/a,2.8,115,44,f,y,0,,o.bl,,
DH,20,DH20,n/a,101,33.99042,-116.49738,,n/a,,,,,,,,,,
DH,20,DH20,n/a,102,33.99027,-116.49737,,n/a,,,,,,,,,,
DH,21,DH21,n/a,81,33.99025,-116.4972,,n/a,4.5,143,45,m,n,n/a,,y.bl,,
DH,21,DH21,n/a,101,33.99034,-116.49712,,n/a,,,,,,,,,,
DH,21,DH21,n/a,102,33.9903,-116.49709,,n/a,,,,,,,,,,
DH,22,DH22,n/a,81,33.99025,-116.4972,,n/a,3.6,115,46,f,n,0,,o.bl,,
DH,23,DH23,n/a,81,33.99054,-116.49758,,n/a,4.2,135,49,m,n,n/a,,o.bl!,,
DH,23,DH23,n/a,102,33.9906,-116.49733,,n/a,,,,,,,,,,
DH,24,DH24,n/a,81,33.99012,-116.49743,,n/a,4.7,135,48,m,y,n/a,,y.bl,,
DH,25,DH25,70,81,33.99032,-116.49738,,"verified by loc, stats similar but growth is large!",4.5,116,51,m,y,n/a,na,y.bk,,
DH,25,DH25,70,101,33.99043,-116.49769,,moved 23 meters after tag,,,,,,,,,,
DH,25,DH25,70,102,33.99038,-116.49765,,n/a,,,,,,,,,,
DH,26,DH26,n/a,81,33.99018,-116.4975,,n/a,3.1,125,45,f,n,1,,o.bk,,
DH,26,DH26,n/a,101,33.99038,-116.49746,,21 meters from capture loc,,,,,,,,,,
DH,3,DH3,n/a,41,33.99006,-116.49734,,n/a,2.4,122,42,f,n,2,,y.,,
DH,3,DH3,n/a,42,33.9901,-116.49727,,n/a,,,,,,,,,,
DH,3,DH3,n/a,51,33.99018,-116.49754,N,"24 meters from other occurances, error in W coordinate (same as 001, next in data sheet)",,,,,,,,,,
DH,3,DH3,n/a,62,33.99012,-116.49726,,n/a,,,,,,,,,,
DH,3,DH3,n/a,71,33.99012,-116.49725,,n/a,,,,,,,,,,
DH,3,DH3,n/a,72,33.99012,-116.49725,,n/a,,,,,,,,,,
DH,3,DH3,n/a,81,33.99007,-116.49734,,n/a,,,,,,,,,,
DH,30,DH30,n/a,81,33.99024,-116.49747,,n/a,3.8,92,47,m,y,n/a,,o.bl,,
DH,30,DH30,n/a,101,33.99029,-116.49767,,n/a,,,,,,,,,,
DH,30,DH30,n/a,102,33.99036,-116.49773,,n/a,,,,,,,,,,
DH,31,DH31,n/a,81,33.99025,-116.49747,,n/a,2.6,129,47,f,n,0,,o.bk,,
DH,31,DH31,n/a,102,33.99015,-116.49767,,mored 21 meters,,,,,,,,,,
DH,32,DH32,n/a,81,33.99044,-116.4977,,n/a,3.5,120,46,f,n,1,,o.bl,,
DH,33,DH33,9 (2),81,33.99028,-116.49736,,"sex, stats mismatch, not same liz as 13T09. Sex, stats match to 14T09 (location close-ish). Moved 15 meters from toe-clip location",3.9,137,47,m,y,n/a,n,y.bl,,
DH,34,DH34,10 (2),91,33.99058,-116.49738,,n/a,2.7,126,44,f,n,0,,o.w,toe clipped for tag insurance,
DH,34,DH34,10 (2),101,33.99051,-116.49744,,n/a,,,,,,,,,,
DH,35,DH35,n/a,91,33.99041,-116.49719,,n/a,2.9,119,47,f,n,n/a,,o.bk,,
DH,35,DH35,n/a,101,33.99044,-116.49719,,n/a,,,,,,,,,,
DH,35,DH35,n/a,102,33.99038,-116.49725,,n/a,,,,,,,,,,
DH,36,DH36,LX,91,33.99005,-116.49744,,n/a,4.5,146,52,m,y,n/a,,o.bk,LX,
DH,40,DH40,n/a,91,33.99047,-116.49756,,n/a,2.9,125,45,f,n,1,,o.bl,,
DH,40,DH40,n/a,101,33.99055,-116.49755,,n/a,,,,,,,,,,
DH,40,DH40,n/a,102,33.99047,-116.49758,,n/a,,,,,,,,,,
DH,41,DH41,n/a,101,33.99052,-116.49762,,n/a,3,124,47,m,y,n/a,,y.bl,,
DH,5,DH5,n/a,42,33.9905,-116.49715,,n/a,2.1,113,40,f,y,1,,o.bl,,
DH,5,DH5,n/a,51,33.99053,-116.49715,,n/a,,,,,,,,,,
DH,5,DH5,n/a,52,33.99051,-116.49718,,n/a,,,,,,,,,,
DH,5,DH5,n/a,61,33.99047,-116.49718,,n/a,,,,,,,,,,
DH,5,DH5,n/a,62,33.99049,-116.49717,,n/a,,,,,,,,,,
DH,5,DH5,n/a,71,33.9905,-116.49715,,n/a,,,,,,,,,,
DH,5,DH5,n/a,72,33.99052,-116.49721,,n/a,,,,,,,,,,
DH,6,DH6,2,11,33.99021,-116.49763,,n/a,2.7,100,40,f,y,n/a,na,n/a,,
DH,6,DH6,2,12,33.99021,-116.49751,,n/a,,,,,,,,,,
DH,6,DH6,2,21,33.99018,-116.49751,,n/a,,,,,,,,,,
DH,6,DH6,2,22,33.99025,-116.49757,,n/a,,,,,,,,,,
DH,6,DH6,2,23,33.99028,-116.49757,,n/a,,,,,,,,,,
DH,6,DH6,2,42,33.99027,-116.49747,,"verified 13T02 as 006, photo scales, size, loc",2.7,104,42,f,y,0,,y.,,1
DH,6,DH6,2,52,33.99024,-116.49755,,n/a,,,,,,,,,,
DH,6,DH6,2,61,33.99023,-116.49754,,n/a,,,,,,,,,,
DH,6,DH6,2,71,33.99022,-116.49752,,n/a,,,,,,,,,,
DH,6,DH6,2,72,33.99025,-116.49756,,n/a,,,,,,,,,,
DI,0,DI0,"7,4",41,33.93936,-116.55415,,"4,7 toes in notes, 40 + 70 likley.",3.5,132,44,m,n,n/a,,y.bl,,
DI,0,DI0,"7,4",51,33.93941,-116.55412,,n/a,,,,,,,,,,
DI,0,DI0,"7,4",52,33.93941,-116.55412,,n/a,,,,,,,,,,
DI,0,DI0,"7,4",61,33.93945,-116.5542,,n/a,,,,,,,,,,
DI,0,DI0,"7,4",62,33.93941,-116.55408,,n/a,,,,,,,,,,
DI,0,DI0,"40, 70",71,33.93942,-116.55409,,"012 retag; lizard dissapeared, then 012 caught nearby.",2.9,65,47,m,y,n/a,n,o.bl,"tail regrown badly, missing 2 toes, in rough condition. Noticed red bead? On lizard in same area pre-catch, not present on captured liz.",1
DI,0,DI0,"40, 70",81,33.93917,-116.55398,N,"012 retag, same coordinates as 020, either error and wrong coords recorded, or lizard moved after 71",,,,,,,,,,
DI,1,DI1,n/a,41,33.93937,-116.55408,,n/a,2.6,115,43,f,y,0,,o.bl,,
DI,1,DI1,n/a,51,33.93943,-116.55409,,n/a,,,,,,,,,,
DI,1,DI1,n/a,52,33.93944,-116.55411,,n/a,,,,,,,,,,
DI,1,DI1,n/a,61,33.93941,-116.55412,,n/a,,,,,,,,,,
DI,1,DI1,n/a,62,33.9394,-116.55412,,n/a,,,,,,,,,,
DI,1,DI1,n/a,71,33.93945,-116.55408,,n/a,,,,,,,,,,
DI,1,DI1,n/a,72,33.9394,-116.55405,,n/a,,,,,,,,,,
DI,1,DI1,n/a,81,33.93945,-116.55405,,n/a,,,,,,,,,,
DI,1,DI1,n/a,81,33.93943,-116.55405,,n/a,,,,,,,,,,
DI,1,DI1,n/a,91,33.93938,-116.55407,,n/a,,,,,,,,,,
DI,1,DI1,n/a,92,33.93944,-116.55408,,n/a,,,,,,,,,,
DI,1,DI1,n/a,93,33.93942,-116.55412,,n/a,,,,,,,,,,
DI,1,DI1,n/a,101,33.93938,-116.55412,,n/a,,,,,,,,,,
DI,1,DI1,n/a,102,33.93945,-116.55408,,n/a,,,,,,,,,,
DI,10,DI10,n/a,51,33.93959,-116.55386,,n/a,3.4,115,46,m,y,n/a,,o.bl,,
DI,10,DI10,n/a,52,33.93957,-116.55391,,n/a,,,,,,,,,,
DI,10,DI10,n/a,61,33.93953,-116.5538,,n/a,,,,,,,,,,
DI,10,DI10,n/a,71,33.93957,-116.55391,,n/a,,,,,,,,,,
DI,10,DI10,n/a,81,33.93961,-116.5539,,n/a,,,,,,,,,,
DI,10,DI10,n/a,91,33.93959,-116.55392,,n/a,,,,,,,,,,
DI,10,DI10,n/a,93,33.93954,-116.55394,,n/a,,,,,,,,,,
DI,10,DI10,n/a,101,33.93958,-116.55387,,n/a,,,,,,,,,,
DI,10,DI10,n/a,102,33.93957,-116.55391,,n/a,,,,,,,,,,
DI,11,DI11,n/a,51,33.93948,-116.55428,,n/a,2.9,115,46,f,y,2,,o.bl,,
DI,13,DI13,n/a,52,33.93971,-116.55426,,n/a,2.1,1,41,f,y,0,,o.w,,
DI,13,DI13,n/a,61,33.93972,-116.55426,,n/a,,,,,,,,,,
DI,13,DI13,n/a,62,33.93971,-116.55424,,n/a,,,,,,,,,,
DI,13,DI13,n/a,71,33.93974,-116.55421,,n/a,,,,,,,,,,
DI,13,DI13,n/a,81,33.93976,-116.55424,,n/a,,,,,,,,,,
DI,13T06,DI13T06,6,12,33.93936,-116.55402,,n/a,1.5,109,35,m,n,n/a,,n/a,,
DI,13T07,DI13T07,7,12,33.93974,-116.55424,,n/a,1.6,108,35,m,n,n/a,,n/a,,
DI,13T11,DI13T11,11,21,33.93927,-116.55412,,n/a,1.3,104,35,m,n,n/a,,n/a,,
DI,13T11,DI13T11,11,22,33.93929,-116.55412,,n/a,,,,,,,,,,
DI,13T12,DI13T12,12,31,33.93925,-116.55425,,photo match,2.5,117,44,f,n,n/a,na,o.bk,not paint pen marked,
DI,13T13,DI13T13,13,22,33.93933,-116.55406,,n/a,1.4,102,35,m,n,n/a,,n/a,,
DI,14,DI14,n/a,52,33.93962,-116.55392,,n/a,3.2,146,47,m,y,n/a,,y.bl,,
DI,14,DI14,n/a,61,33.9396,-116.55419,,n/a,,,,,,,,,,
DI,14,DI14,n/a,62,33.93963,-116.5541,,n/a,,,,,,,,,,
DI,14,DI14,n/a,72,33.93971,-116.55411,,n/a,,,,,,,,,,
DI,14,DI14,n/a,81,33.93977,-116.55423,,n/a,4.3,62,53,f,y,n/a,n,y.bk,retagged after recent tail loss,1
DI,14,DI14,n/a,81,33.93979,-116.55421,,n/a,,,,,,,,,,
DI,14,DI14,n/a,93,33.9398,-116.55422,,n/a,,,,,,,,,,
DI,14,DI14,n/a,101,33.9398,-116.55441,,moved 17 meters nw from prev occurances,,,,,,,,,,
DI,15,DI15,n/a,52,33.93964,-116.554,,n/a,2.6,113,43,f,y,3,,o.bl,3 hard masses in 1 clump on left side of belly,
DI,16,DI16,n/a,52,33.93915,-116.55422,,n/a,2,113,39,f,n,n/a,,o.bl,,
DI,2,DI2,1,11,33.9395,-116.55367,,n/a,3.1,133,46,f,n,n/a,na,n/a,,
DI,2,DI2,1,12,33.9395,-116.55376,,n/a,,,,,,,,,,
DI,2,DI2,1,31,33.93951,-116.55377,,verified 13T1,4,135,47,f,n,1,y,o.,not paint pen marked,1
DI,2,DI2,1,41,33.93951,-116.55369,,"verified 13T1 as 002 by scale pigments, size, loc",3.2,131,46,f,n,0,,o.bl,,
DI,2,DI2,1,51,33.9395,-116.55376,,n/a,,,,,,,,,,
DI,2,DI2,1,72,33.93946,-116.55373,,n/a,,,,,,,,,,
DI,20,DI20,15,31,33.93927,-116.55413,,n/a,2.6,113,41,f,n,2,y,o.bk,not paint pen marked,
DI,20,DI20,15,61,33.9393,-116.55414,,verified 13T15,2.3,118,41,f,y,0,,o.bl,tail dammaged during processing,
DI,20,DI20,15,62,33.9393,-116.55412,,n/a,,,,,,,,,,
DI,20,DI20,15,71,33.93928,-116.55415,,n/a,,,,,,,,,,
DI,20,DI20,15,72,33.93922,-116.55415,,n/a,,,,,,,,,,
DI,20,DI20,15,81,33.93917,-116.55398,,n/a,,,,,,,,,,
DI,21,DI21,n/a,61,33.93963,-116.55408,,n/a,2.6,124,42,f,y,0,,y.bl,regenerated tail formed oddly,
DI,21,DI21,n/a,62,33.93964,-116.55414,,n/a,,,,,,,,,,
DI,21,DI21,n/a,91,33.93958,-116.5541,,n/a,,,,,,,,,,
DI,21,DI21,n/a,93,33.93957,-116.5541,,n/a,,,,,,,,,,
DI,22,DI22,n/a,62,33.93976,-116.55423,,n/a,3,123,42,f,n,0,,y.bl,"hard to feel ova, full belly",
DI,22,DI22,n/a,71,33.9398,-116.55418,,n/a,,,,,,,,,,
DI,22,DI22,n/a,72,33.93985,-116.55418,,n/a,,,,,,,,,,
DI,22,DI22,n/a,81,33.93975,-116.5542,,n/a,,,,,,,,,,
DI,22,DI22,n/a,91,33.93972,-116.55424,,n/a,,,,,,,,,,
DI,22,DI22,n/a,93,33.93973,-116.55425,,n/a,,,,,,,,,,
DI,22,DI22,n/a,101,33.93977,-116.55421,,n/a,,,,,,,,,,
DI,22,DI22,n/a,102,33.93973,-116.55426,,n/a,,,,,,,,,,
DI,23,DI23,72,71,33.93938,-116.55397,,verified 14T72 as 023,1.8,111,39,m,n,n/a,y,o.bl,,
DI,23,DI23,72,72,33.93931,-116.55405,,n/a,,,,,,,,,,
DI,23,DI23,72,81,33.93937,-116.55388,,n/a,,,,,,,,,,
DI,23,DI23,72,92,33.93933,-116.55389,,n/a,,,,,,,,,,
DI,23,DI23,72,93,33.93933,-116.55389,,n/a,,,,,,,,,,
DI,23,DI23,72,101,33.93935,-116.5541,,n/a,,,,,,,,,,
DI,23,DI23,72,102,33.93933,-116.5539,,n/a,,,,,,,,,,
DI,24,DI24,n/a,81,33.93953,-116.55416,,n/a,3.8,129,47,f,n,0,,o.bk,,
DI,24,DI24,n/a,81,33.9395,-116.55417,,n/a,,,,,,,,,,
DI,25,DI25,n/a,81,33.93938,-116.55388,,n/a,4.6,115,50,f,y,0,,o.bk,"rebeaded , tag sitting poorly",
DI,26,DI26,n/a,81,33.93967,-116.55421,,n/a,4.8,137,50,f,n,2,,o.y,,
DI,3,DI3,n/a,41,33.93953,-116.55393,,n/a,2.8,125,45,f,n,0,,o.bl,,
DI,3,DI3,n/a,42,33.93959,-116.55384,,n/a,,,,,,,,,,
DI,3,DI3,n/a,51,33.93959,-116.55386,,n/a,,,,,,,,,,
DI,3,DI3,n/a,91,33.93959,-116.55386,,n/a,,,,,,,,,,
DI,3,DI3,n/a,93,33.93955,-116.55389,,n/a,,,,,,,,,,
DI,3,DI3,n/a,101,33.93958,-116.55393,,n/a,,,,,,,,,,
DI,3,DI3,n/a,102,33.93969,-116.55393,,n/a,,,,,,,,,,
DI,30,DI30,n/a,93,33.93922,-116.55389,,n/a,4.9,153,52,m,n,n/a,,y.bl,,
DI,4,DI4,n/a,42,33.93917,-116.55383,,n/a,2.9,125,43,f,n,1,,o.bl,,
DI,4,DI4,n/a,61,33.93918,-116.55385,,n/a,,,,,,,,,,
DI,4,DI4,n/a,71,33.93921,-116.55386,,n/a,,,,,,,,,,
DI,4,DI4,n/a,72,33.93916,-116.55389,,n/a,,,,,,,,,,
DI,4,DI4,n/a,81,33.93921,-116.55384,,n/a,,,,,,,,,,
DI,6,DI6,n/a,42,33.93917,-116.55421,,n/a,3.2,125,45,m,y,n/a,,y.bl,,
DI,6,DI6,n/a,51,33.93917,-116.55425,,n/a,,,,,,,,,,
DI,6,DI6,n/a,71,33.93922,-116.55437,,moved 12 m west,,,,,,,,,,
DI,6,DI6,n/a,72,33.93914,-116.55424,,n/a,,,,,,,,,,
I-10,0,I-100,n/a,41,33.92665,-116.6608,,n/a,2.7,130,45,f,n,0,,y/bl,,
I-10,0,I-100,n/a,42,33.92666,-116.66066,,n/a,,,,,,,,,,
I-10,0,I-100,n/a,51,33.92681,-116.66072,,n/a,,,,,,,,,,
I-10,0,I-100,n/a,53,33.92677,-116.66066,,n/a,,,,,,,,,,
I-10,0,I-100,n/a,62,33.92661,-116.66074,,n/a,,,,,,,,,,
I-10,0,I-100,n/a,71,33.92665,-116.66071,,n/a,,,,,,,,,,
I-10,0,I-100,n/a,72,33.92666,-116.66076,,n/a,,,,,,,,,,
I-10,0,I-100,n/a,73,33.92665,-116.6607,,n/a,,,,,,,,,,
I-10,0,I-100,n/a,81,33.92669,-116.66068,,n/a,,,,,,,,,,
I-10,1,I-101,n/a,42,33.92655,-116.66077,,n/a,4.6,150,49,m,n,n/a,,o.bl,,
I-10,1,I-101,n/a,52,33.92638,-116.66084,,n/a,,,,,,,,,,
I-10,1,I-101,n/a,53,33.9264,-116.66085,,n/a,,,,,,,,,,
I-10,1,I-101,n/a,62,33.92651,-116.6608,,n/a,,,,,,,,,,
I-10,1,I-101,n/a,73,33.92651,-116.66083,,n/a,,,,,,,,,,
I-10,10,I-1010,4,53,33.92654,-116.66117,,"in same location as 13T04, but size doesn’t match, not same liz",3,111,46,f,y,0,,y.bl,w male 006,
I-10,10,I-1010,4,62,33.92661,-116.66116,,n/a,,,,,,,,,,
I-10,10,I-1010,4,71,33.92661,-116.66119,,n/a,,,,,,,,,,
I-10,10,I-1010,4,73,33.92662,-116.66125,,n/a,,,,,,,,,,
I-10,11,I-1011,20,31,33.92688,-116.66113,,"14T20, location, stats match",4.5,142,51,m,n,n/a,na,n/a,not paint pen marked,
I-10,11,I-1011,20,53,33.92694,-116.66111,,n/a,4.7,144,51,m,n,n/a,,o.bl,,
I-10,11,I-1011,20,62,33.92682,-116.66104,,n/a,,,,,,,,,,
I-10,11,I-1011,20,72,33.92677,-116.66098,,n/a,,,,,,,,,,
I-10,11,I-1011,20,91,33.92688,-116.66101,,n/a,,,,,,,,,,
I-10,11,I-1011,20,92,33.92682,-116.66109,,n/a,,,,,,,,,,
I-10,11,I-1011,20,101,33.92675,-116.66089,,n/a,,,,,,,,,,
I-10,11,I-1011,20,102,33.92685,-116.66109,,n/a,,,,,,,,,,
I-10,12,I-1012,n/a,61,33.92686,-116.66088,,n/a,2.8,83,46,f,y,1,,y.bl,,
I-10,12,I-1012,n/a,71,33.92683,-116.6609,,n/a,,,,,,,,,,
I-10,12,I-1012,n/a,91,33.92678,-116.66093,,n/a,,,,,,,,,,
I-10,13,I-1013,15,62,33.9267,-116.66107,,"
T15, verified. Lots of growth but large time gap, location match",3.8,104,46,f,y,1,,y.w,,
I-10,13,I-1013,15,91,33.92661,-116.66093,,n/a,,,,,,,,,,
I-10,13,I-1013,15,92,33.92672,-116.66096,,n/a,,,,,,,,,,
I-10,13,I-1013,15,101,33.92656,-116.66103,,n/a,,,,,,,,,,
I-10,13T04,I-1013T04,4(2),11,33.92661,-116.66116,,n/a,n/a,104,49,f,y,n/a,,n/a,,
I-10,13T05,I-1013T05,5,11,33.92653,-116.66086,,n/a,3.6,114,48,f,y,n/a,,n/a,,
I-10,13T05,I-1013T05,5,22,33.92658,-116.66079,,n/a,,,,,,,,,repaint,
I-10,13T08,I-1013T08,8,11,33.92672,-116.66107,,n/a,2.9,122,42,f,n,n/a,,n/a,,
I-10,13T08,I-1013T08,8,12,33.92672,-116.66125,,n/a,,,,,,,,,,
I-10,13T08,I-1013T08,8,21,33.9267,-116.66093,,n/a,,,,,,,,,,
I-10,13T09,I-1013T09,9,12,33.92675,-116.66125,,n/a,3,102,47,f,y,n/a,,n/a,,
I-10,13T10,I-1013T10,10,12,33.9268,-116.66102,,n/a,2.7,100,43,f,y,n/a,,n/a,,
I-10,13T10,I-1013T10,10,21,33.92682,-116.66109,,n/a,,,,,,,,,,
I-10,13T10,I-1013T10,10,22,33.92678,-116.66106,,n/a,,,,,,,,,,
I-10,13T10,I-1013T10,10,23,33.92682,-116.66109,,n/a,,,,,,,,,,
I-10,13T11,I-1013T11,11,12,33.92682,-116.66114,,n/a,4.2,133,50,m,y,n/a,,n/a,,
I-10,13T11,I-1013T11,11,22,33.92679,-116.66124,,n/a,,,,,,,,,,
I-10,13T16,I-1013T16,16,21,33.9267,-116.66105,,n/a,5,151,50,m,n,n/a,,n/a,,
I-10,13T16,I-1013T16,16,22,33.92663,-116.66115,,n/a,,,,,,,,,,
I-10,13T16,I-1013T16,16,23,33.9267,-116.66104,,n/a,,,,,,,,,,
I-10,13T17,I-1013T17,17,21,33.92688,-116.661,,n/a,3.9,140,47,m,n,n/a,,n/a,,
I-10,13T18,I-1013T18,18,21,33.92669,-116.66129,,n/a,3.9,115,42,m,y,n/a,,n/a,,
I-10,13T19,I-1013T19,19,31,33.92661,-116.66098,,n/a,4.3,113,50,f,y,3,,o.bl!,not paint pen marked,
I-10,13T21,I-1013T21,21,31,33.92673,-116.66069,,n/a,5,121,51,m,y,n/a,,y.bl,not paint pen marked,
I-10,13TX,I-1013TX,600-300-500-x,21,33.92655,-116.66068,,n/a,4.6,141,48,m,n,n/a,,n/a,,
I-10,14,I-1014,n/a,62,33.92663,-116.66107,,crossed road after capture,3.2,115,47,f,y,1,,o.w,"regen tail tip, gasping during processing",
I-10,14,I-1014,n/a,71,33.92682,-116.66106,,n/a,,,,,,,,,,
I-10,14,I-1014,n/a,73,33.92677,-116.66096,,n/a,,,,,,,,,,
I-10,15,I-1015,n/a,62,33.92681,-116.6608,,n/a,5.3,128,50,m,n,n/a,,o.bl,,
I-10,15,I-1015,n/a,71,33.92681,-116.66089,,n/a,,,,,,,,,,
I-10,15,I-1015,n/a,81,33.92679,-116.66095,,n/a,,,,,,,,,,
I-10,16,I-1016,14(2),62,33.92659,-116.66077,,"
Missing toe 14, not 003 though.",4.6,112,51,m,y,n/a,,o.w,,
I-10,16,I-1016,14(2),71,33.92648,-116.6608,,n/a,,,,,,,,,,
I-10,16,I-1016,14(2),73,n/a,n/a,,n/a,,,,,,,,,,
I-10,2,I-102,RY,43,33.92655,-116.66058,,n/a,3,81,47,f,y,0,,o.bl,,
I-10,2,I-102,RY,52,33.92659,-116.66056,,n/a,,,,,,,,,,
I-10,2,I-102,RY,53,33.92657,-116.66057,,n/a,,,,,,,,,,
I-10,2,I-102,RY,62,33.92657,-116.66048,,n/a,,,,,,,,,,
I-10,2,I-102,RY,71,33.92659,-116.66056,,n/a,,,,,,,,,,
I-10,2,I-102,RY,72,33.92655,-116.66054,,n/a,,,,,,,,,,
I-10,20,I-1020,n/a,71,33.92674,-116.66063,,n/a,1.5,96,38,f,y,n/a,,o.bl,,
I-10,20,I-1020,n/a,81,33.92679,-116.66074,,n/a,,,,,,,,,,
I-10,20,I-1020,n/a,91,33.92673,-116.66063,,n/a,,,,,,,,,,
I-10,20,I-1020,n/a,92,33.92673,-116.66061,,n/a,,,,,,,,,,
I-10,20,I-1020,n/a,101,33.92675,-116.66063,,n/a,,,,,,,,,,
I-10,20,I-1020,n/a,102,33.92669,-116.66069,,crossed road from prev observations,,,,,,,,,,
I-10,21,I-1021,n/a,81,33.92679,-116.66074,,n/a,5.2,150,52,m,n,n/a,,y.bk,,
I-10,21,I-1021,n/a,91,33.92685,-116.66069,,n/a,,,,,,,,,,
I-10,21,I-1021,n/a,101,33.92676,-116.66087,,n/a,,,,,,,,,,
I-10,22,I-1022,n/a,81,33.9268,-116.6608,,n/a,3.8,141,53,f,n,0,,o.g,,
I-10,23,I-1023,9(2),81,33.92653,-116.66093,,n/a,3.5,63,48,f,y,2,,o.bl,T9 clipped,
I-10,24,I-1024,79,81,33.92658,-116.6609,,n/a,5.1,136,51,m,y,n/a,,y.bl,,
I-10,24,I-1024,79,101,33.92658,-116.66089,,n/a,,,,,,,,,,
I-10,24,I-1024,79,102,33.92657,-116.66091,,n/a,,,,,,,,,,
I-10,25,I-1025,n/a,81,33.92664,-116.66058,,n/a,5.1,130,50,m,y,n/a,,y.bl,,
I-10,25,I-1025,n/a,91,33.92661,-116.66058,,n/a,,,,,,,,,,
I-10,26,I-1026,n/a,81,33.92647,-116.6608,,n/a,4.8,150,51,m,n,n/a,,y.bl,,
I-10,3,I-103,14,31,33.92676,-116.66084,,14T14 verified as 003,4.7,122,50,m,y,n/a,y,o.bl,not paint pen marked,
I-10,3,I-103,14,51,n/a,n/a,,n/a,4.5,126,50,m,y,n/a,,o.bl,,
I-10,3,I-103,14,52,33.9268,-116.66068,,Moved south of road following capture on prev occ.,,,,,,,,,,
I-10,3,I-103,14,61,33.92666,-116.66087,,n/a,,,,,,,,,,
I-10,3,I-103,14,62,33.92657,-116.66084,,n/a,,,,,,,,,,
I-10,3,I-103,14,71,33.92662,-116.6609,,n/a,,,,,,,,,,
I-10,3,I-103,14,81,33.92667,-116.6609,,n/a,,,,,,,,,,
I-10,3,I-103,14,91,33.92661,-116.66093,,n/a,,,,,,,,,,
I-10,3,I-103,14,92,33.92655,-116.661,,n/a,,,,,,,,,,
I-10,3,I-103,14,101,33.92656,-116.66103,,n/a,,,,,,,,,,
I-10,3,I-103,14,102,33.9266,-116.66094,,n/a,,,,,,,,,,
I-10,30,I-1030,"9, 7 , 4, RX",101,33.92669,-116.66109,,n/a,4.5,124,53,m,y,0,,y.bl,,
I-10,31,I-1031,74,101,33.92671,-116.66064,,verified,3.4,120,50,f,y,1,n,y.bk,,
I-10,31,I-1031,74,102,33.92669,-116.66069,,cross road from prev. observations,,,,,,,,,,
I-10,4,I-104,n/a,51,n/a,n/a,,n/a,5,153,51,m,n,n/a,,y.bl,"partial tail break near tip, healed, not considered a break. ",
I-10,5,I-105,n/a,52,33.92656,-116.6607,,n/a,2.7,110,44,f,n,0,,o.bk,crooked tail tip,
I-10,5,I-105,n/a,62,33.92659,-116.66065,,n/a,,,,,,,,,,
I-10,5,I-105,n/a,71,33.92656,-116.66063,,n/a,,,,,,,,,,
I-10,6,I-106,n/a,53,33.92653,-116.66119,,moved 25 meters following capture,4.6,160,51,m,n,n/a,,y.bl,,
I-10,6,I-106,n/a,62,33.92659,-116.66088,,n/a,,,,,,,,,,
I-10,6,I-106,n/a,71,33.92661,-116.66094,,n/a,,,,,,,,,,
ME,0,ME0,7 (2),31,33.94413,-116.67894,,"not 13T7, photo mismatch",5.1,145,51,m,n,n/a,y,y.bl,not paint pen marked,
ME,0,ME0,7 (2),41,33.94427,-116.67894,,"photo, stats, loc verified",5.3,151,52,m,n,n/a,,y.bl,,
ME,0,ME0,7 (2),42,n/a,n/a,,n/a,,,,,,,,,,
ME,0,ME0,7 (2),51,33.94423,-116.67892,,n/a,,,,,,,,,,
ME,0,ME0,7 (2),61,33.94427,-116.67908,,n/a,,,,,,,,,,
ME,0,ME0,7 (2),71,33.94393,-116.67894,,n/a,,,,,,,,,,
ME,0,ME0,7 (2),72,33.94392,-116.67894,,n/a,,,,,,,,,,
ME,0,ME0,7 (2),81,33.94404,-116.67905,,n/a,,,,,,,,,,
ME,0,ME0,7 (2),91,33.9441,-116.67907,,n/a,,,,,,,,,,
ME,0,ME0,7 (2),92,33.9441,-116.67905,,n/a,,,,,,,,,,
ME,0,ME0,7 (2),101,33.9441,-116.67911,,n/a,,,,,,,,,,
ME,0,ME0,7 (2),102,33.94413,-116.67892,,n/a,,,,,,,,,,
ME,1,ME1,n/a,42,33.9443,-116.67896,,n/a,4.1,105,50,m,y,n/a,,n/a,,
ME,10,ME10,"200, 1, 2",51,33.94387,-116.67944,,not lizard 13T1 or 13T2,4.1,130,50,f,n,1,,o.bk,,
ME,10,ME10,"200, 1, 2",52,33.94379,-116.67928,,n/a,,,,,,,,,,
ME,10,ME10,"200, 1, 2",61,33.94377,-116.67937,,n/a,,,,,,,,,,
ME,10,ME10,"200, 1, 2",72,33.94379,-116.67936,,n/a,,,,,,,,,,
ME,11,ME11,21,52,33.9438,-116.67917,,"verified by photo, stats, loc",3,71,47,f,y,1,,o.bl,,
ME,11,ME11,21,61,33.94383,-116.67908,,n/a,,,,,,,,,,
ME,11,ME11,21,62,33.94398,-116.67914,,n/a,,,,,,,,,,
ME,11,ME11,21,71,33.94389,-116.67921,,n/a,,,,,,,,,,
ME,11,ME11,21,72,33.94381,-116.67907,,n/a,,,,,,,,,,
ME,12,ME12,600,31,33.94384,-116.67871,,n/a,4.7,129,51,m,y,n/a,y,o.bl,not paint pen marked,
ME,12,ME12,600,52,33.94379,-116.67874,,"verified by photos, loc. Stats",5.1,122,51,m,y,n/a,,o.bl,same loc as fem found on 6/26,
ME,12,ME12,600,62,33.94381,-116.67876,,n/a,,,,,,,,,,
ME,12,ME12,600,81,33.94379,-116.67873,,n/a,,,,,,,,,,
ME,12,ME12,600,92,33.94371,-116.67869,,n/a,,,,,,,,,,
ME,12,ME12,600,101,33.94378,-116.67876,,n/a,,,,,,,,,,
ME,13T02,ME13T02,2,11,33.94413,-116.6791,,n/a,3.8,102,41,f,y,n/a,,n/a,,
ME,13T03,ME13T03,3,11,33.94387,-116.67928,,n/a,3.8,128,48,f,n,n/a,,n/a,,
ME,13T04,ME13T04,4,11,33.94407,-116.67884,,n/a,2.1,107,38,m,n,n/a,,n/a,,
ME,13T04,ME13T04,4,12,33.94402,-116.6788,,n/a,,,,,,,,,,
ME,13T04,ME13T04,4,21,33.94404,-116.6788,,n/a,,,,,,,,,,
ME,13T04,ME13T04,4,22,33.94399,-116.67882,,n/a,,,,,,,,,,
ME,13T04,ME13T04,4,23,33.94407,-116.67883,,n/a,,,,,,,,,,
ME,13T05,ME13T05,5,11,33.9442,-116.67899,,n/a,1.6,102,35,m,n,n/a,,n/a,,
ME,13T06,ME13T06,6,12,33.94402,-116.67889,,n/a,3.5,131,48,f,n,n/a,,n/a,,
ME,13T09,ME13T09,9,12,33.94393,-116.67889,,n/a,n/a,n/a,n/a,n/a,n/a,n/a,,n/a,not back painted,
ME,13T14,ME13T14,14,22,33.94378,-116.67875,,n/a,3.4,134,48,f,n,n/a,,n/a,,
ME,13T14,ME13T14,14,23,33.94371,-116.67872,,n/a,,,,,,,,,,
ME,13T16,ME13T16,16,23,33.94374,-116.67883,,n/a,2,107,38,f,n,n/a,,n/a,,
ME,13T17,ME13T17,17,31,33.94408,-116.67924,,n/a,3.8,109,47,m,y,n/a,,n/a,not paint pen marked,
ME,13T19,ME13T19,19,23,33.94394,-116.6789,,n/a,2,109,36,m,n,n/a,,n/a,,
ME,13T21,ME13T21,21,31,33.94382,-116.67908,,n/a,4.1,121,47,f,y,1,,o.bl,not paint pen marked,
ME,13T22,ME13T22,22,31,33.94413,-116.67879,,n/a,5.1,157,50,m,n,n/a,,o.bl,not paint pen marked,
ME,13T23,ME13T23,23,31,33.94413,-116.67879,,n/a,4.3,131,51,f,n,n/a,,o.bl,not paint pen marked,
ME,13T70,ME13T70,70,23,33.94419,-116.67883,,n/a,5.2,123,53,m,y,n/a,,n/a,,
ME,14,ME14,n/a,71,33.9443,-116.67894,,n/a,3.8,116,49,f,y,n/a,,o.bl,,
ME,14,ME14,n/a,72,33.94431,-116.67897,,n/a,,,,,,,,,,
ME,15,ME15,n/a,71,33.94372,-116.67905,,n/a,1.3,68,37,f,y,n/a,,o.bl,,
ME,16,ME16,90,71,33.94396,-116.67907,,n/a,1.7,78,36,m,y,n/a,,o.bl,clipped 90 in case of tag failure,
ME,16,ME16,90,72,33.94373,-116.67901,,"26 meters from other obs., id might be unsure?",,,,,,,,,,
ME,2,ME2,20,31,33.94395,-116.67915,,n/a,4.5,101,51,m,y,n/a,na,n/a,not paint pen marked,
ME,2,ME2,20,42,33.94391,-116.67905,,"verified stats, photos, loc",4.6,111,54,m,y,n/a,,y.bl,,
ME,2,ME2,20,43,33.94381,-116.67923,,n/a,,,,,,,,,,
ME,2,ME2,20,51,33.94388,-116.67918,,n/a,,,,,,,,,,
ME,2,ME2,20,52,33.94383,-116.67908,,n/a,,,,,,,,,,
ME,2,ME2,20,61,33.94396,-116.67877,N,"crossed road, 27 meters. Coordinates inaccurate? (same as other liz on occ).",,,,,,,,,,
ME,2,ME2,20,62,33.9438,-116.67908,,n/a,,,,,,,,,,
ME,2,ME2,20,81,33.94401,-116.67927,,n/a,,,,,,,,,,
ME,20,ME20,n/a,71,33.94411,-116.67924,,n/a,1.3,63,36,f,y,n/a,,o.w,,
ME,20,ME20,n/a,72,33.94416,-116.67922,,n/a,,,,,,,,,,
ME,21,ME21,n/a,81,33.9441,-116.67926,,n/a,5,145,50,m,n,n/a,,y.bl,,
ME,21,ME21,n/a,91,33.94414,-116.67905,,n/a,,,,,,,,,,
ME,21,ME21,n/a,92,33.94408,-116.67902,,n/a,,,,,,,,,,
ME,21,ME21,n/a,101,33.94417,-116.67921,,n/a,,,,,,,,,,
ME,21,ME21,n/a,102,33.944,-116.67923,,n/a,,,,,,,,,,
ME,22,ME22,n/a,81,33.94405,-116.6793,,n/a,4.2,110,48,f,y,0,,o.bk,,
ME,22,ME22,n/a,91,33.94396,-116.67916,,n/a,,,,,,,,,,
ME,22,ME22,n/a,92,33.94401,-116.67926,,n/a,,,,,,,,,,
ME,22,ME22,n/a,102,33.94405,-116.67937,,n/a,,,,,,,,,,
ME,23,ME23,n/a,81,33.94395,-116.67899,,n/a,4.5,125,50,f,y,0,,o.w,,
ME,23,ME23,n/a,92,33.944,-116.679,,n/a,,,,,,,,,,
ME,23,ME23,n/a,101,33.94403,-116.6789,,n/a,,,,,,,,,,
ME,24,ME24,n/a,81,33.9441,-116.67915,,n/a,4,126,46,f,n,2,,o.bk!,,
ME,24,ME24,n/a,92,33.94413,-116.6792,,n/a,,,,,,,,,,
ME,24,ME24,n/a,101,33.9441,-116.67921,,n/a,,,,,,,,,,
ME,25,ME25,n/a,81,33.94426,-116.67936,,n/a,5,145,50,m,n,n/a,,o.bl,,
ME,26,ME26,71,81,33.94403,-116.67889,,"may have crossed road, verified by stats, loc.",5.3,113,50,m,y,n/a,na,y.bl,,
ME,3,ME3,1,11,33.94385,-116.67884,,n/a,3.3,103,41,f,y,n/a,na,n/a,,
ME,3,ME3,1,43,33.94377,-116.67883,,"verified by loc, photo, stats",3.6,108,47,f,y,1,,o.bl,,
ME,30,ME30,n/a,81,33.94383,-116.67908,,n/a,5.8,157,54,m,n,n/a,,y.bl,,
ME,31,ME31,n/a,81,33.94427,-116.67896,,n/a,5.5,115,53,m,y,n/a,,o.bl,,
ME,32,ME32,n/a,91,33.94406,-116.67902,,n/a,4.4,136,51,f,n,1,,y.bk,,
ME,32,ME32,n/a,92,33.94412,-116.67902,,n/a,,,,,,,,,,
ME,32,ME32,n/a,102,33.94415,-116.67892,,n/a,,,,,,,,,,
ME,33,ME33,110,91,33.944,-116.67898,,n/a,5.1,148,51,m,n,n/a,,o.bk,,
ME,33,ME33,110,92,33.94392,-116.67894,,n/a,,,,,,,,,,
ME,33,ME33,110,101,33.94402,-116.67896,,n/a,,,,,,,,,,
ME,33,ME33,110,102,33.94401,-116.67892,,n/a,,,,,,,,,,
ME,34,ME34,n/a,91,33.94415,-116.67876,,n/a,5.4,151,51,m,n,n/a,,o.bl,,
ME,34,ME34,n/a,92,33.94417,-116.67878,,n/a,,,,,,,,,,
ME,34,ME34,n/a,101,33.94409,-116.67876,,n/a,,,,,,,,,,
ME,35,ME35,n/a,91,33.94405,-116.6789,,crossed road 13 meters after obs,3.8,116,50,f,y,0,,y.bk,,
ME,35,ME35,n/a,101,33.94397,-116.67879,,n/a,,,,,,,,,,
ME,35,ME35,n/a,102,33.94392,-116.67877,,n/a,,,,,,,,,,
ME,36,ME36,n/a,92,n/a,n/a,,n/a,4.4,148,48,m,n,n/a,,o.bl,,
ME,4,ME4,n/a,43,33.94377,-116.67883,,n/a,4.2,146,52,m,n,0,,o.bl,,
ME,4,ME4,n/a,51,33.94383,-116.67889,,n/a,,,,,,,,,,
ME,4,ME4,n/a,52,33.94371,-116.67908,,n/a,,,,,,,,,,
ME,4,ME4,n/a,61,33.94374,-116.67883,,n/a,,,,,,,,,,
ME,40,ME40,n/a,92,33.94384,-116.67892,,n/a,4.8,73,53,m,y,n/a,,y.bk,,
ME,40,ME40,n/a,101,33.94376,-116.67903,,n/a,,,,,,,,,,
ME,40,ME40,n/a,102,33.94384,-116.67895,,n/a,,,,,,,,,,
ME,41,ME41,n/a,92,33.94394,-116.67924,,n/a,3.1,122,44,f,n,0,,o.bk,,
ME,41,ME41,n/a,101,33.94393,-116.67918,,n/a,,,,,,,,,,
ME,42,ME42,1,92,33.94417,-116.67878,,n/a,5.3,155,53,m,n,n/a,,y.bl,toe taken for insurance,
ME,43,ME43,n/a,101,33.94403,-116.67879,,n/a,4.4,127,50,m,y,n/a,,y.bl,,
ME,5,ME5,n/a,51,33.94382,-116.67876,,n/a,4.1,123,48,f,y,1,,o.bl,,
ME,5,ME5,n/a,61,33.94378,-116.6787,,n/a,,,,,,,,,,
ME,5,ME5,n/a,62,33.94377,-116.67875,,n/a,,,,,,,,,,
ME,5,ME5,n/a,71,33.94376,-116.67874,,n/a,,,,,,,,,,
ME,6,ME6,4RY,51,33.94378,-116.67937,,n/a,4.6,103,51,m,y,n/a,,o.bl,,
ME,6,ME6,4RY,62,33.94374,-116.67936,,n/a,,,,,,,,,,
MI,0,MI0,14 (2),41,34.0011,-116.60346,,scale pattern and location mismatch,5.1,153,53,m,n,n/a,,o.bl,,
MI,0,MI0,14 (2),51,34.00087,-116.60351,,n/a,,,,,,,,,,
MI,0,MI0,14 (2),52,34.00089,-116.60348,,n/a,,,,,,,,,,
MI,1,MI1,16,21,34.00117,-116.60361,,uncertain wether this 16 is a first observation for 16 from 31 or dif 16 from 41/42. Assigned to 41/42 based on location.,1.9,114,38,m,n,n/a,na,n/a,,
MI,1,MI1,16,41,34.00119,-116.60348,,n/a,4.6,157,51,m,n,n/a,,y.bl,,
MI,1,MI1,16,42,34.00111,-116.60381,,n/a,,,,,,,,,,
MI,10,MI10,"9, 4, 7",42,34.00087,-116.6038,,n/a,4.6,151,51,m,n,n/a,,y.bl,,
MI,10,MI10,"9, 4, 7",52,34.00082,-116.60391,,n/a,,,,,,,,,,
MI,11,MI11,n/a,42,34.00081,-116.60355,,n/a,4.1,127,46,f,y,2,,y.bl,,
MI,11,MI11,n/a,52,34.00079,-116.60345,,n/a,,,,,,,,,,
MI,11,MI11,n/a,61,34.00074,-116.60357,,n/a,,,,,,,,,,
MI,11,MI11,n/a,71,34.00072,-116.60349,,n/a,,,,,,,,,,
MI,11,MI11,n/a,73,n/a,n/a,,n/a,,,,,,,,,,
MI,11,MI11,n/a,81,34.00073,-116.60359,,n/a,,,,,,,,,,
MI,11,MI11,n/a,92,34.00082,-116.60342,,n/a,,,,,,,,,,
MI,12,MI12,LX,42,34.00085,-116.60398,,n/a,5.6,122,52,m,y,n/a,,y.bl,,
MI,13,MI13,n/a,51,34.00111,-116.60398,,n/a,4.9,130,48,f,n,1,,o.bl,,
MI,13,MI13,n/a,61,34.00105,-116.60397,,n/a,,,,,,,,,,
MI,13,MI13,n/a,71,34.00113,-116.60398,,n/a,,,,,,,,,,
MI,13,MI13,n/a,73,n/a,n/a,,unsure ID,,,,,,,,,,
MI,13,MI13,n/a,92,34.00103,-116.6039,,n/a,,,,,,,,,,
MI,13T01,MI13T01,1,11,34.00106,-116.60346,,n/a,1.9,105,37,f,n,n/a,,n/a,,
MI,13T01,MI13T01,1,21,34.00105,-116.60352,,n/a,2,108,38,f,n,n/a,na,n/a,repaint,
MI,13T03,MI13T03,3,11,34.00086,-116.60371,,n/a,5,135,51,m,y,n/a,,n/a,,
MI,13T03,MI13T03,3,12,34.00082,-116.60361,,n/a,,,,,,,,,,
MI,13T03,MI13T03,3,21,34.00085,-116.6036,,n/a,,,,,,,,,,
MI,13T03,MI13T03,3,22,34.00085,-116.60355,,n/a,,,,,,,,,,
MI,13T06,MI13T06,6,31,34.00079,-116.6037,,verified photos,4.1,122,48,f,y,n/a,na,n/a,not paint pen marked,
MI,13T07,MI13T07,7,12,34.00091,-116.60395,,n/a,,,,,,,,,,
MI,13T07,MI13T07,7,31,34.00092,-116.60364,,(not 407X),5.8,151,54,m,n,n/a,,n/a,not paint pen marked,1
MI,13T08,MI13T08,8,11,34.00116,-116.60347,,n/a,2.4,115,40,m,n/a,n/a,,n/a,,
MI,13T08,MI13T08,8,12,34.00098,-116.60385,,moved 39 meters,,,,,,,,,,
MI,13T10,MI13T10,10,12,34.00079,-116.60359,,n/a,3.2,128,43,m,n,n/a,,n/a,,
MI,13T10,MI13T10,10,22,34.00092,-116.60367,,verified photos,3.4,135,44,m,n,n/a,na,n/a,,
MI,13T11,MI13T11,11,12,34.00102,-116.60384,,n/a,2.9,119,42,m,n,n/a,,n/a,,
MI,13T13,MI13T13,13,12,34.00087,-116.60387,,n/a,2.3,10,38,m,n,n/a,,n/a,,
MI,13T13,MI13T13,13,21,34.0008,-116.6039,,n/a,,,,,,,,,,
MI,13T13,MI13T13,13,22,n/a,n/a,,n/a,,,,,,,,,,
MI,13T14,MI13T14,14,12,34.00106,-116.6038,,n/a,5.5,139,52,m,y,n/a,,n/a,,
MI,13T15,MI13T15,15,12,34.00075,-116.60378,,n/a,3.5,125,43,m,n,n/a,,n/a,SP ? Fast growth…,
MI,13T15,MI13T15,15,21,34.00074,-116.60373,,n/a,,,,,,,,,,
MI,13T15,MI13T15,15,31,34.00086,-116.60365,,verified photos,5.8,150,51,m,n,n/a,na,n/a,not paint pen marked,1
MI,13T16,MI13T16,16 (2),31,34.00121,-116.60339,,scale pattern mismatch to 001,5.6,157,52,m,n,n/a,,n/a,not paint pen marked,
MI,13T17,MI13T17,17,21,34.00109,-116.60379,,n/a,2.3,122,42,m,n,n/a,,n/a,,
MI,13T17,MI13T17,17,22,34.00109,-116.60389,,n/a,,,,,,,,,,
MI,13T18,MI13T18,18,21,34.00071,-116.60355,,n/a,2.5,126,41,m,n,n/a,,n/a,,
MI,13T19,MI13T19,19,22,34.00081,-116.60391,,n/a,2.6,122,42,m,n,n/a,,n/a,,
MI,13T23 (142),MI13T23 (142),"2,4,7,10, or, 10, 90, 40, 2",31,34.00086,-116.60349,,n/a,5.8,151,54,m,n,n/a,,o.bl,not paint pen marked,
MI,13T23 (142),MI13T23 (142),"2,4,7,10, or, 10, 90, 40, 2",31,34.00095,-116.60347,,n/a,,,,,,,,,not paint pen marked,
MI,13T24,MI13T24,24,22,34.00098,-116.60345,,n/a,4.4,146,50,m,n/a,n/a,,n/a,,
MI,13T407X,MI13T407X,407RX,11,34.00085,-116.60378,,n/a,5.1,147,50,m,n,n/a,,n/a,,
MI,14,MI14,12,12,34.00104,-116.60379,,n/a,2.2,112,37,f,n,n/a,na,n/a,,
MI,14,MI14,12,21,34.00105,-116.60382,,n/a,,,,,,,,,,
MI,14,MI14,12,52,34.00104,-116.60388,,"verified by scales, stats, loc",3.7,141,49,f,n,0,,o.bl,brown sap-like substance on cloaca,1
MI,15,MI15,n/a,62,34.00103,-116.60398,,n/a,1.9,116,39,m,n,n/a,,?.bl,tail dammage on capture,
MI,16,MI16,n/a,62,34.00108,-116.60345,,n/a,2.5,117,40,f,y,n/a,,o.bk,dammage on capture,
MI,16,MI16,n/a,81,34.00108,-116.60347,,n/a,,,,,,,,,,
MI,2,MI2,9,11,34.00093,-116.60352,,n/a,2.4,115,39,f,n,n/a,na,n/a,,
MI,2,MI2,9,12,34.001,-116.60378,,26 meters from other obs.,,,,,,,,,,
MI,2,MI2,9,22,34.00087,-116.60354,,n/a,,,,,,,,,,
MI,2,MI2,9,41,34.00094,-116.60348,,"verified by size, photos, location",3.2,79,49,f,y,1,,y.bl,,1
MI,2,MI2,9,42,34.00112,-116.60349,,21 meters from other obs.,,,,,,,,,,
MI,2,MI2,9,51,34.00088,-116.60351,,n/a,,,,,,,,,,
MI,2,MI2,9,52,34.00083,-116.60356,,n/a,,,,,,,,,,
MI,2,MI2,9,61,34.00087,-116.60349,,n/a,,,,,,,,,,
MI,2,MI2,9,62,34.00084,-116.60357,,n/a,,,,,,,,,,
MI,2,MI2,9,71,34.00087,-116.60349,,n/a,,,,,,,,,,
MI,2,MI2,9,72,34.00088,-116.60352,,n/a,,,,,,,,,,
MI,2,MI2,9,73,n/a,n/a,,n/a,,,,,,,,,,
MI,20,MI20,?,71,34.00072,-116.60355,,missing unidentified toes,4.4,140,51,m,y,n/a,,o.bl,,
MI,20,MI20,?,72,34.00072,-116.60355,,n/a,,,,,,,,,,
MI,20,MI20,?,73,n/a,n/a,,n/a,,,,,,,,,,
MI,20,MI20,?,81,34.00073,-116.60354,,n/a,,,,,,,,,,
MI,21,MI21,70,72,34.00095,-116.60349,,verified from stats and loc.,1.4,109,38,m,n,n/a,,o.bk,,
MI,21,MI21,70,73,n/a,n/a,,n/a,,,,,,,,,,
MI,22,MI22,n/a,81,34.00086,-116.60378,,n/a,5.4,160,54,m,n,n/a,,y.bl,,
MI,23,MI23,n/a,81,34.00091,-116.60383,,n/a,3.5,117,48,f,y,1,,o.bl,,
MI,24,MI24,n/a,81,34.00111,-116.6039,,n/a,5,137,51,m,y,n/a,,y.bl,,
MI,24,MI24,n/a,91,34.00106,-116.60386,,n/a,,,,,,,,,,
MI,24,MI24,n/a,92,34.00102,-116.60371,,n/a,,,,,,,,,,
MI,24,MI24,n/a,102,34.00098,-116.60384,,n/a,,,,,,,,,,
MI,25,MI25,n/a,81,34.00081,-116.6036,,n/a,3.3,136,47,f,n,1,,o.w,,
MI,26,MI26,71,81,34.00092,-116.604,,18 meters from other 14T71 locs,4.1,113,49,f,y,0,y,o.bl,,
MI,3,MI3,n/a,41,34.0009,-116.60379,,n/a,2.7,129,45,f,n,2,,o.,,
MI,3,MI3,n/a,42,n/a,n/a,,n/a,,,,,,,,,,
MI,3,MI3,n/a,51,34.00083,-116.60381,,n/a,,,,,,,,, ,
MI,3,MI3,n/a,52,34.00081,-116.60385,,n/a,,,,,,,,,,
MI,3,MI3,n/a,61,34.00088,-116.60382,,n/a,,,,,,,,,,
MI,3,MI3,n/a,73,n/a,n/a,,n/a,,,,,,,,,,
MI,3,MI3,n/a,81,34.00082,-116.6039,,n/a,,,,,,,,,,
MI,3,MI3,n/a,92,34.00085,-116.60386,,n/a,,,,,,,,,,
MI,30,MI30,n/a,81,34.00109,-116.60394,,n/a,4.7,148,50,m,n,n/a,,o.bk,,
MI,31,MI31,n/a,81,34.00095,-116.60365,,moved 13 meters after tagging,5.3,147,51,m,y,n/a,,o.bl,,
MI,31,MI31,n/a,91,34.00116,-116.60356,,n/a,,,,,,,,,,
MI,31,MI31,n/a,92,34.00106,-116.60355,,n/a,,,,,,,,,,
MI,31,MI31,n/a,101,34.00106,-116.60361,,n/a,,,,,,,,,,
MI,31,MI31,n/a,102,34.00113,-116.60356,,n/a,,,,,,,,,,
MI,32,MI32,91,81,34.00077,-116.60354,,"verified by loc, stats",5.4,144,52,m,n,n/a,y,o.bl,,
MI,32,MI32,91,91,34.00081,-116.60352,,n/a,,,,,,,,,,
MI,32,MI32,91,92,34.00082,-116.60358,,n/a,,,,,,,,,,
MI,32,MI32,91,101,34.00088,-116.60357,,n/a,,,,,,,,,,
MI,32,MI32,91,102,34.00081,-116.60352,,n/a,,,,,,,,,,
MI,33,MI33,n/a,81,34.0008,-116.60383,,n/a,3.8,121,49,f,n,1,,o.bl,,
MI,33,MI33,n/a,92,34.00079,-116.60384,,n/a,,,,,,,,,,
MI,34,MI34,n/a,81,34.00105,-116.6038,,n/a,3.8,114,47,f,y,0,,o.w,,
MI,35,MI35,n/a,81,34.00087,-116.6035,,n/a,5.6,150,51,m,n,n/a,,y.bl,,
MI,4,MI4,n/a,41,34.00109,-116.60368,,n/a,3.8,86,47,f,y,1,,o.,,
MI,4,MI4,na,42,n/a,n/a,,n/a,,,,,,,,,,
MI,40,MI40,RX,81,34.00104,-116.60381,,n/a,5.6,140,51,m,y,n/a,,y.bk,,
MI,41,MI41,40,81,34.00092,-116.60365,,n/a,4.5,110,52,m,y,n/a,,o.bl,,
MI,41,MI41,40,91,34.001,-116.60374,,n/a,,,,,,,,,,
MI,41,MI41,40,92,34.00082,-116.60391,,21 meters from typical loc.,,,,,,,,,,
MI,41,MI41,40,101,34.00095,-116.60372,,n/a,,,,,,,,,,
MI,41,MI41,40,102,34.00094,-116.60372,,n/a,,,,,,,,,,
MI,42,MI42,n/a,81,34.00109,-116.60361,,n/a,3.9,130,51,f,n,0,,o.bk,,
MI,43,MI43,n/a,91,34.00113,-116.60376,,n/a,2.6,92,44,f,y,1,,o.bl,,
MI,43,MI43,n/a,101,34.00114,-116.60378,,n/a,,,,,,,,,,
MI,43,MI43,n/a,102,34.00112,-116.60379,,n/a,,,,,,,,,,
MI,44,MI44,"70, 2, 600, LZ",91,34.00074,-116.6038,,n/a,4.4,148,50,m,n,n/a,,y.bl,,
MI,44,MI44,"70, 2, 600, LZ",102,34.00075,-116.60377,,n/a,,,,,,,,,,
MI,45,MI45,n/a,91,34.00076,-116.6036,,n/a,4.4,140,51,m,y,n/a,,y.bl,,
MI,45,MI45,n/a,102,34.00075,-116.60356,,n/a,,,,,,,,,,
MI,45,MI45,n/a,103,34.00079,-116.6036,,ID by feldman on 1 july 2015,,,,,,,,,,
MI,46,MI46,n/a,91,34.0009,-116.60352,,n/a,2.5,52,46,f,n,1,,y.bk,,
MI,46,MI46,n/a,92,34.00084,-116.60351,,n/a,,,,,,,,,,
MI,46,MI46,n/a,101,34.00084,-116.60347,,n/a,,,,,,,,,,
MI,46,MI46,n/a,102,34.0008,-116.60357,,n/a,,,,,,,,,,
MI,5,MI5,11 (2),41,34.0007,-116.60371,,"pattern changed from age, location mismatch (dispersal?)",4.9,150,50,m,n,n/a,,y.bl,,
MI,5,MI5,11 (2),52,34.00084,-116.60378,,n/a,,,,m,,,,,,
MI,5,MI5,11 (2),61,34.00072,-116.60373,,n/a,,,,,,,,,,
MI,5,MI5,11 (2),62,34.00082,-116.60355,,n/a,,,,,,,,,,
MI,5,MI5,11 (2),62,34.00084,-116.60354,,n/a,,,,,,,,,,
MI,5,MI5,11 (2),71,34.00093,-116.60364,,n/a,,,,,,,,,,
MI,5,MI5,11 (2),72,34.00082,-116.6036,,n/a,,,,,,,,,,
MI,5,MI5,11 (2),73,n/a,n/a,,n/a,,,,,,,,,,
MI,5,MI5,11 (2),81,34.00087,-116.60367,,n/a,,,,,,,,,,
MI,5,MI5,11 (2),92,34.00074,-116.60373,,n/a,,,,,,,,,,
MI,5,MI5,11 (2),101,34.00087,-116.60368,,n/a,,,,,,,,,,
MI,5,MI5,11 (2),102,34.00076,-116.60372,,n/a,,,,,,,,,,
MI,50,MI50,n/a,91,34.00077,-116.60396,,n/a,3.4,128,47,f,n,0,,o.y,,
MI,51,MI51,n/a,91,34.00104,-116.60342,,n/a,4.3,145,50,m,n,n/a,,y.bl,,
MI,51,MI51,n/a,92,34.0011,-116.60342,,n/a,,,,,,,,,,
MI,51,MI51,n/a,102,34.00109,-116.60345,,n/a,,,,,,,,,,
MI,52,MI52,79,92,34.0008,-116.60363,,n/a,2.9,113,47,f,y,1,y,o.bl,,
MI,52,MI52,79,101,34.00076,-116.60373,,n/a,,,,,,,,,,
MI,52,MI52,79,102,34.00076,-116.60372,,n/a,,,,,,,,,,
MI,6,MI6,n/a,42,34.00095,-116.60359,,n/a,3.1,127,47,f,y,0,,o.,,
MI,6,MI6,n/a,51,34.00081,-116.60367,,n/a,,,,,,,,,,
MI,6,MI6,n/a,52,34.00083,-116.60375,,n/a,,,,,,,,,,
MI,6,MI6,n/a,61,34.00083,-116.60368,,n/a,,,,,,,,,,
MI,6,MI6,n/a,62,34.00081,-116.60369,,n/a,,,,,,,,,,
MI,6,MI6,n/a,71,34.00087,-116.60368,,unsure ID from sighting but coordinates match,,,,,,,,,,
MI,6,MI6,n/a,72,34.0009,-116.60368,,n/a,,,,,,,,,,
MI,6,MI6,n/a,73,n/a,n/a,,n/a,,,,,,,,,,
MI,6,MI6,n/a,81,34.00083,-116.60373,,n/a,,,,,,,,,,
MI,6,MI6,n/a,91,34.00087,-116.60361,,n/a,,,,,,,,,,
MI,6,MI6,n/a,92,34.00086,-116.60362,,n/a,,,,,,,,,,
MI,6,MI6,n/a,101,34.00094,-116.60365,,n/a,,,,,,,,,,
MI,6,MI6,n/a,102,34.00086,-116.60369,,n/a,,,,,,,,,,
MV,0,MV0,7,41,33.91306,-116.6266,,"
Sex and location mismatch with 13T7 and 011",2.4,123,43,f,n,2,,y.,,
MV,0,MV0,7,42,33.91305,-116.62653,,n/a,,,,,,,,,,
MV,0,MV0,7,51,33.9131,-116.62656,,n/a,,,,,,,,,,
MV,0,MV0,7,62,33.91306,-116.62663,,n/a,,,,,,,,,,
MV,0,MV0,7,71,33.91306,-116.62662,,n/a,,,,,,,,,,
MV,1,MV1,16,41,33.91335,-116.62698,,"Verified loc, stats, photos",2.9,125,45,f,y,1,,o.,,
MV,1,MV1,16,42,33.91322,-116.62695,,n/a,,,,,,,,,,
MV,1,MV1,16,51,33.91332,-116.62688,,n/a,,,,,,,,,,
MV,1,MV1,16,52,33.91327,-116.62695,,n/a,,,,,,,,,,
MV,1,MV1,16,52,33.91328,-116.62695,,n/a,,,,,,,,,,
MV,1,MV1,16,62,33.91333,-116.62688,,n/a,,,,,,,,,,
MV,1,MV1,16,72,33.91325,-116.62696,,n/a,,,,,,,,,,
MV,10,MV10,n/a,42,33.91325,-116.62685,,n/a,2.4,111,40,f,n,n/a,,o.bl,,
MV,10,MV10,n/a,51,33.91319,-116.6269,,n/a,,,,,,,,,,
MV,10,MV10,n/a,61,33.91321,-116.62689,,n/a,,,,,,,,,,
MV,10,MV10,n/a,62,33.91322,-116.62688,,n/a,,,,,,,,,,
MV,10,MV10,n/a,71,33.91323,-116.62689,,n/a,,,,,,,,,,
MV,11,MV11,7 (2),42,33.91329,-116.62699,,n/a,2.6,116,42,f,n,0,,y.bl,,
MV,11,MV11,7 (2),52,33.9133,-116.627,,"
Gender, stats, loc, photo mismatch with 13T7 and 000",,,,,,,,,,
MV,11,MV11,7 (2),52,33.91328,-116.62696,,n/a,,,,,,,,,,
MV,11,MV11,7 (2),61,33.9133,-116.627,,n/a,,,,,,,,,,
MV,11,MV11,7 (2),72,33.91324,-116.62709,,10 meters from other clumpled observations,,,,,,,,,,
MV,12,MV12,10,12,33.91347,-116.62663,,n/a,4.6,115,50,m,y,n/a,na,n/a,,
MV,12,MV12,10,22,33.91326,-116.62682,,18 meters S of other obs,,,,,,,,,,
MV,12,MV12,10,42,33.91346,-116.62666,,"verified 12 to 42, photos, stats, loc",5.4,122,51,m,y,n/a,,y.bl,,1
MV,12,MV12,10,51,33.91355,-116.62671,,n/a,,,,,,,,,,
MV,12,MV12,10,52,33.91352,-116.62672,,n/a,,,,,,,,,,
MV,12,MV12,10,52,33.91354,-116.62671,,n/a,,,,,,,,,,
MV,12,MV12,10,52,33.91355,-116.62671,,n/a,,,,,,,,,,
MV,12,MV12,10,61,33.91356,-116.62671,,n/a,,,,,,,,,,
MV,12,MV12,10,62,33.91342,-116.62674,,n/a,,,,,,,,,,
MV,12,MV12,10,71,33.91357,-116.62669,,n/a,,,,,,,,,,
MV,13,MV13,n/a,42,33.91336,-116.62701,,n/a,3,127,45,f,n,2,,y.bl,,
MV,13,MV13,n/a,51,33.91342,-116.62706,,n/a,,,,,,,,,,
MV,13,MV13,n/a,61,33.91343,-116.62705,,n/a,,,,,,,,,,
MV,13,MV13,n/a,71,33.91341,-116.62707,,n/a,,,,,,,,,,
MV,13T02,MV13T02,2,11,33.91324,-116.627,,n/a,4.1,135,50,m,y,n/a,,n/a,,
MV,13T02,MV13T02,2,21,33.91311,-116.62695,N,"unsure identification, 14 m from other obs",,,,,,,,,,
MV,13T08,MV13T08,8,12,33.91359,-116.6267,,n/a,4,141,48,m,n,n/a,,n/a,,
MV,13T08,MV13T08,8,21,33.91351,-116.62673,,n/a,,,,,,,,,,
MV,13T12,MV13T12,12,31,33.91353,-116.62698,,n/a,2.4,116,41,f,n,n/a,,o.bl,not paint pen marked,
MV,13T13,MV13T13,13,31,33.91305,-116.62675,,n/a,4.1,145,47,m,n,n/a,,o.bk,not paint pen marked,
MV,13T17,MV13T17,17,21,33.91357,-116.62684,,n/a,4.5,141,49,m,n,n/a,,n/a,,
MV,13T17,MV13T17,17,22,33.91357,-116.62685,,n/a,,,,,,,,,,
MV,14,MV14,n/a,42,33.91343,-116.62669,,n/a,2.3,121,42,f,n,0,,o.bl,,
MV,14,MV14,n/a,51,33.91346,-116.62664,,n/a,,,,,,,,,,
MV,14,MV14,n/a,52,33.91347,-116.62667,,n/a,,,,,,,,,,
MV,14,MV14,n/a,52,33.91344,-116.62665,,n/a,,,,,,,,,,
MV,15,MV15,n/a,42,33.91314,-116.62678,,n/a,3.8,138,48,m,n,n/a,,o.bl,,
MV,15,MV15,n/a,52,33.91311,-116.62682,,n/a,,,,,,,,,,
MV,15,MV15,n/a,61,33.91312,-116.62691,,n/a,,,,,,,,,,
MV,15,MV15,n/a,62,33.91311,-116.62693,,n/a,,,,,,,,,,
MV,15,MV15,n/a,71,33.91315,-116.62685,,n/a,,,,,,,,,,
MV,15,MV15,n/a,72,33.9131,-116.62682,,n/a,,,,,,,,,,
MV,15,MV15,n/a,81,33.91319,-116.62693,,n/a,,,,,,,,,,
MV,15,MV15,n/a,91,33.91323,-116.62703,,n/a,,,,,,,,,,
MV,15,MV15,n/a,92,33.91327,-116.62704,,n/a,,,,,,,,,,
MV,15,MV15,n/a,93,33.91315,-116.62704,,n/a,,,,,,,,,,
MV,15,MV15,n/a,102,33.91331,-116.62698,,n/a,,,,,,,,,,
MV,16,MV16,n/a,42,33.91365,-116.62697,,n/a,3.5,122,47,f,n,2,,o.g,,
MV,16,MV16,n/a,51,33.91365,-116.62691,,n/a,,,,,,,,,,
MV,2,MV2,1,11,33.91329,-116.62697,,n/a,5.1,148,51,m,n,n/a,na,n/a,,
MV,2,MV2,1,31,33.91334,-116.62704,,"Verified 11 to 31 photos, stats, loc",5.6,150,51,m,n,n/a,y,y.,not paint pen marked,
MV,2,MV2,1,41,33.91328,-116.62695,,"Verified 31 to 41 photos, stats, loc",4.9,152,52,m,n,n/a,,y.,,
MV,2,MV2,1,42,33.91341,-116.62708,,n/a,,,,,,,,,,
MV,2,MV2,1,51,33.91324,-116.62701,,n/a,,,,,,,,,,
MV,2,MV2,1,61,33.91341,-116.62707,,n/a,,,,,,,,,,
MV,2,MV2,1,62,33.91328,-116.62697,,n/a,,,,,,,,,,
MV,2,MV2,1,71,33.91337,-116.62701,,n/a,,,,,,,,,,
MV,2,MV2,1,72,33.91344,-116.62705,,n/a,,,,,,,,,,
MV,21,MV21,n/a,51,33.91328,-116.62652,,n/a,2.3,109,41,f,n,0,,o.?,,
MV,21,MV21,n/a,71,33.91331,-116.62655,,n/a,,,,,,,,,,
MV,21,MV21,n/a,92,33.91331,-116.62656,,n/a,,,,,,,,,,
MV,22,MV22,n/a,51,33.91335,-116.62705,,n/a,3,128,45,f,n,1,,y.bl,,
MV,22,MV22,n/a,61,33.91334,-116.62701,,n/a,,,,,,,,,,
MV,22,MV22,n/a,62,33.9133,-116.62701,,n/a,,,,,,,,,,
MV,22,MV22,n/a,72,33.91333,-116.62705,,n/a,,,,,,,,,,
MV,23,MV23,n/a,52,33.91326,-116.62648,,n/a,4.4,149,51,m,n,n/a,,y.bl,,
MV,23,MV23,n/a,61,33.91325,-116.62649,,n/a,,,,,,,,,,
MV,23,MV23,n/a,71,33.91326,-116.62646,,n/a,,,,,,,,,,
MV,23,MV23,n/a,72,33.91327,-116.62647,,n/a,,,,,,,,,,
MV,24,MV24,n/a,61,33.91342,-116.62685,,n/a,2.2,101,44,f,y,0,,o.bl,,
MV,24,MV24,n/a,62,33.91341,-116.62655,,27 meters from other obs,,,,,,,,,,
MV,25,MV25,n/a,62,33.91321,-116.62646,,n/a,2.2,100,42,f,y,0,,y.bl,,
MV,25,MV25,n/a,72,33.9132,-116.62643,,n/a,,,,,,,,,,
MV,25,MV25,n/a,81,33.91325,-116.62647,,n/a,,,,,,,,,,
MV,26,MV26,n/a,71,33.91323,-116.62711,,n/a,1.5,108,37,m,n,n/a,,o.bl,,
MV,26,MV26,n/a,72,33.91327,-116.62711,,n/a,,,,,,,,,,
MV,3,MV3,n/a,41,33.91332,-116.62701,,n/a,3.9,155,51,m,n,n/a,,y.bl,,
MV,3,MV3,n/a,52,33.91324,-116.62703,,n/a,,,,,,,,,,
MV,30,MV30,70 (2),42,33.91368,-116.62699,,"not 14T70, tagged as 020, but later retagged 030",3.7,129,46,f,n,1,,o.g,,
MV,30,MV30,70 (2),51,33.91369,-116.62695,,20,,,,,,,,,,
MV,30,MV30,70 (2),52,33.91368,-116.62704,,20,,,,,,,,,,
MV,30,MV30,70 (2),62,33.91368,-116.62699,,20,,,,,,,,,,
MV,30,MV30,70 (2),71,33.91369,-116.62698,,"previously tagged as 020, injury, loc, and stats consistent with tag loss",2.6,60,47,f,y,1,y,o.bl,,1
MV,30,MV30,70 (2),72,33.91369,-116.627,,n/a,,,,,,,,,,
MV,30,MV30,70 (2),81,33.91371,-116.62704,,n/a,,,,,,,,,,
MV,30,MV30,70 (2),91,33.91369,-116.62695,,n/a,,,,,,,,,,
MV,30,MV30,70 (2),93,33.91372,-116.62695,,n/a,,,,,,,,,,
MV,30,MV30,70 (2),102,33.91365,-116.62701,,n/a,,,,,,,,,,
MV,31,MV31,72,81,33.91329,-116.62664,,"verified by stats, loc",3,130,46,f,n,0,y,o.bl,,
MV,31,MV31,72,101,33.91317,-116.62664,,n/a,,,,,,,,,,
MV,31,MV31,72,102,33.91319,-116.62668,,n/a,,,,,,,,,,
MV,32,MV32,n/a,81,33.91367,-116.62703,,n/a,5.2,98,52,m,y,n/a,,y.bl!,,
MV,32,MV32,n/a,91,33.9137,-116.62695,,n/a,,,,,,,,,,
MV,32,MV32,n/a,92,33.91378,-116.62691,,n/a,,,,,,,,,,
MV,32,MV32,n/a,93,33.91376,-116.62707,,n/a,,,,,,,,,,
MV,32,MV32,n/a,102,33.91365,-116.62701,,n/a,,,,,,,,,,
MV,33,MV33,n/a,81,33.91347,-116.62664,,n/a,3.8,105,45,f,y,0,,o.bl,,
MV,34,MV34,n/a,81,33.91347,-116.62664,N,"20 meters from other obs, coordinates wrong?",4.5,127,51,m,y,n/a,,y.bk,,
MV,34,MV34,n/a,91,33.91356,-116.62685,,n/a,,,,,,,,,,
MV,34,MV34,n/a,92,33.91356,-116.62683,,n/a,,,,,,,,,,
MV,35,MV35,n/a,81,33.91341,-116.62673,,n/a,3.6,110,46,f,y,0,,o.bk,,
MV,35,MV35,n/a,91,33.91351,-116.62668,,n/a,,,,,,,,,,
MV,35,MV35,n/a,93,33.91356,-116.62672,,n/a,,,,,,,,,,
MV,35,MV35,n/a,102,33.91356,-116.62673,,n/a,,,,,,,,,,
MV,36,MV36,n/a,81,33.91337,-116.62655,,n/a,4.5,148,51,m,n,n/a,,y.bk,,
MV,4,MV4,n/a,41,33.91322,-116.62699,,n/a,3.2,106,45,f,y,1,,y.bl,,
MV,40,MV40,n/a,81,33.91314,-116.62685,,n/a,3.3,133,47,f,n,1,,o.bl,,
MV,40,MV40,n/a,91,33.91325,-116.62685,,n/a,,,,,,,,,,
MV,40,MV40,n/a,93,33.91315,-116.62692,,n/a,,,,,,,,,,
MV,40,MV40,n/a,101,33.91316,-116.62695,,n/a,,,,,,,,,,
MV,40,MV40,n/a,102,33.91327,-116.62694,,n/a,,,,,,,,,,
MV,41,MV41,71,81,33.91362,-116.62687,,"verified by loc, stats",4.2,120,50,m,y,n/a,y,y.bk,,
MV,41,MV41,71,93,33.91362,-116.6268,,n/a,,,,,,,,,,
MV,41,MV41,71,101,33.91357,-116.62685,,n/a,,,,,,,,,,
MV,41,MV41,71,102,33.91356,-116.62673,,n/a,,,,,,,,,,
MV,42,MV42,n/a,81,33.91373,-116.62704,,n/a,3.8,129,48,m,y,n/a,,y.bl,,
MV,44,MV44,n/a,91,33.91359,-116.6269,,n/a,3.6,106,50,f,y,n/a,,o.bk,,
MV,44,MV44,n/a,92,33.91355,-116.62679,,n/a,,,,,,,,,,
MV,44,MV44,n/a,93,33.9135,-116.62681,,n/a,,,,,,,,,,
MV,44,MV44,n/a,101,33.91356,-116.62683,,n/a,,,,,,,,,,
MV,44,MV44,n/a,102,33.91358,-116.62685,,n/a,,,,,,,,,,
MV,45,MV45,n/a,91,33.91341,-116.62665,,n/a,3,125,45,f,n,0,,y.bk,,
MV,45,MV45,n/a,93,33.91347,-116.62663,,n/a,,,,,,,,,,
MV,45,MV45,n/a,101,33.91336,-116.62661,,n/a,,,,,,,,,,
MV,45,MV45,n/a,102,33.91336,-116.62656,,n/a,,,,,,,,,,
MV,46,MV46,4 (2),93,33.91325,-116.62709,,"sex mismatch with 13T4, loc, photo mismatch",4,126,48,f,y,2,,y.w,,
MV,46,MV46,4 (2),101,33.91326,-116.62703,,n/a,,,,,,,,,,
MV,46,MV46,4 (2),102,33.91327,-116.62714,,n/a,,,,,,,,,,
MV,5,MV5,n/a,41,33.91319,-116.62685,,n/a,3.7,129,45,m,y,n/a,,y.bl,,
MV,5,MV5,n/a,42,33.91324,-116.62692,,n/a,,,,,,,,,,
MV,5,MV5,n/a,51,33.91322,-116.62695,,n/a,,,,,,,,,,
MV,5,MV5,n/a,52,33.91327,-116.62697,,n/a,,,,,,,,,,
MV,5,MV5,n/a,52,33.91322,-116.62686,,n/a,,,,,,,,,,
MV,5,MV5,n/a,61,33.91322,-116.62687,,n/a,,,,,,,,,,
MV,5,MV5,n/a,62,33.91323,-116.62684,,n/a,,,,,,,,,,
MV,5,MV5,n/a,71,33.91314,-116.62685,,n/a,,,,,,,,,,
MV,5,MV5,n/a,71,33.91319,-116.62696,,n/a,,,,,,,,,,
MV,5,MV5,n/a,72,33.91317,-116.62699,,n/a,,,,,,,,,,
MV,50,MV50,14,31,33.91317,-116.62708,,n/a,3.4,126,45,m,n,n/a,y,y.,not paint pen marked,
MV,50,MV50,14,93,33.91314,-116.62705,,"
verified 13T14 by photos, stats, loc",5.3,146,52,m,n,n/a,,y.bl,,
MV,51,MV51,n/a,93,33.91314,-116.62705,,n/a,3.2,115,49,f,y,0,,o.bk,,
MV,6,MV6,n/a,41,33.91318,-116.62665,,n/a,3.1,120,44,f,y,2,,o.,,
MV,6,MV6,n/a,42,33.91316,-116.62656,,n/a,,,,,,,,,,
MV,6,MV6,n/a,51,33.91315,-116.62657,,n/a,,,,,,,,,,
MV,6,MV6,n/a,52,33.91311,-116.62648,,n/a,,,,,,,,,,
MV,6,MV6,n/a,61,33.9131,-116.62649,,n/a,,,,,,,,,,
MV,6,MV6,n/a,62,33.91313,-116.62653,,n/a,,,,,,,,,,
MV,6,MV6,n/a,71,33.91322,-116.62646,,n/a,,,,,,,,,,
MV,6,MV6,n/a,72,33.91326,-116.62646,,n/a,,,,,,,,,,
PH,0,PH0,n/a,41,33.93926,-116.6176,,n/a,3.2,117,46,f,y,0,,o,2nd 7-24 questionable,
PH,0,PH0,n/a,61,33.93914,-116.6175,,n/a,,,,,,,,,,
PH,0,PH0,n/a,62,33.93918,-116.61745,,"
no colors seen other than red, but in rrr territory",,,,,,,,,,
PH,1,PH1,n/a,41,33.93921,-116.61812,,n/a,4.2,146,48,m,n,n/a,,n/a,,
PH,1,PH1,n/a,51,33.93919,-116.61816,,n/a,,,,,,,,,,
PH,10,PH10,n/a,41,33.93943,-116.61787,,n/a,2.4,103,43,f,y,1,,o.bl,,
PH,10,PH10,n/a,52,33.9394,-116.61787,,n/a,,,,,,,,,,
PH,10,PH10,n/a,72,33.9394,-116.61793,,n/a,,,,,,,,,,
PH,10,PH10,n/a,73,33.93937,-116.61797,,n/a,,,,,,,,,,
PH,10,PH10,n/a,92,33.93958,-116.61793,,17 meters from typical loc,,,,,,,,,,
PH,11,PH11,n/a,41,33.93954,-116.61797,,n/a,3.1,122,45,f,n,0,,o.bl,,
PH,12,PH12,n/a,41,33.93923,-116.618,,n/a,3.5,125,48,f,y,0,,o.bl,,
PH,12,PH12,n/a,42,33.93925,-116.61806,,n/a,,,,,,,,,,
PH,12,PH12,n/a,51,33.93929,-116.61808,,n/a,,,,,,,,,,
PH,12,PH12,n/a,51,33.93923,-116.61806,,n/a,,,,,,,,,,
PH,12,PH12,n/a,52,33.93922,-116.61806,,n/a,,,,,,,,,,
PH,12,PH12,n/a,61,33.93925,-116.61806,,n/a,,,,,,,,,,
PH,12,PH12,n/a,62,33.9392,-116.61808,,n/a,,,,,,,,,,
PH,12,PH12,n/a,71,33.93923,-116.61803,,n/a,,,,,,,,,,
PH,13,PH13,n/a,51,33.93909,-116.61763,,n/a,,,,,,,,,,
PH,13,PH13,n/a,61,33.93914,-116.61763,,n/a,,,,,,,,,,
PH,13,PH13,n/a,62,33.93906,-116.61762,,n/a,,,,,,,,,,
PH,14,PH14,10,42,33.93946,-116.61791,,n/a,2.4,120,43,f,n,0,,o.bl,,
PH,14,PH14,10,51,33.93945,-116.61795,,n/a,,,,,,,,,,
PH,14,PH14,10,52,33.93955,-116.61793,,n/a,,,,,,,,,,
PH,14,PH14,10,61,33.93948,-116.61793,,n/a,,,,,,,,,,
PH,14,PH14,10,62,33.93947,-116.61797,,n/a,,,,,,,,,,
PH,14,PH14,10,73,33.93946,-116.61794,,n/a,,,,,,,,,,
PH,14,PH14,10,81,33.93918,-116.61798,,n/a,,,,,,,,,,
PH,14,PH14,10,81,33.93945,-116.6179,,n/a,,,,,,,,,,
PH,14,PH14,10,91,33.93953,-116.61803,,n/a,,,,,,,,,,
PH,14,PH14,10,92,33.93958,-116.61801,,n/a,,,,,,,,,,
PH,14,PH14,10,101,33.93954,-116.61804,,n/a,,,,,,,,,,
PH,15,PH15,n/a,42,33.93914,-116.61793,,n/a,3.2,121,48,f,y,1,,o.bl,,
PH,15,PH15,n/a,51,33.93913,-116.61761,N,moved 21.3 meters from other obs.,,,,,,,,,2nd 7-24 questionable,
PH,15,PH15,n/a,51,33.93916,-116.6179,,n/a,,,,,,,,,,
PH,15,PH15,n/a,52,33.93916,-116.61783,,n/a,,,,,,,,,coords estimated,
PH,15,PH15,n/a,62,33.93913,-116.61789,,"
last color unclear, rgg? Rgbl?",,,,,,,,,,
PH,15,PH15,n/a,72,33.93913,-116.6179,,n/a,,,,,,,,,,
PH,15,PH15,n/a,73,33.93915,-116.61789,,n/a,,,,,,,,,,
PH,16,PH16,n/a,42,33.93914,-116.61793,,moved 29.8 meters after first tag,4.5,154,51,m,n,0,,y.bl,,
PH,16,PH16,n/a,51,33.93932,-116.61769,,n/a,,,,,,,,,,
PH,16,PH16,n/a,52,33.93929,-116.61755,,n/a,,,,,,,,,,
PH,20,PH20,"RX, LY",42,33.93939,-116.61751,,n/a,4.5,144,52,m,n,0,,o.bl,,
PH,20,PH20,"RX, LY",52,33.93929,-116.61755,,n/a,,,,,,,,,,
PH,20,PH20,"RX, LY",71,33.93935,-116.61759,,n/a,,,,,,,,,,
PH,20,PH20,"RX, LY",73,33.93938,-116.61752,,n/a,,,,,,,,,,
PH,20,PH20,"RX, LY",81,33.93946,-116.61759,,n/a,,,,,,,,,,
PH,20,PH20,"RX, LY",92,33.93953,-116.61776,,13 meters from other observations,,,,,,,,,,
PH,20,PH20,"RX, LY",101,33.93943,-116.61752,,n/a,,,,,,,,,,
PH,20,PH20,"RX, LY",102,33.9394,-116.61768,,n/a,,,,,,,,,,
PH,21,PH21,40,51,33.93912,-116.6179,,40 meters from other following observations,4.1,150,49,m,n,n/a,,o.bl,,
PH,21,PH21,40,52,33.93945,-116.61765,,n/a,,,,,,,,,,
PH,21,PH21,40,72,33.93952,-116.61764,,n/a,,,,,,,,,,
PH,21,PH21,40,73,33.93946,-116.61777,,n/a,,,,,,,,,,
PH,21,PH21,40,81,33.93947,-116.61789,,n/a,,,,,,,,,,
PH,22,PH22,9,52,33.93912,-116.61783,,n/a,3.1,130,46,f,n,2,,o.bl,,
PH,22,PH22,9,72,33.93905,-116.61788,,n/a,,,,,,,,,,
PH,22,PH22,9,73,33.93908,-116.61789,,n/a,,,,,,,,,,
PH,22,PH22,9,91,33.93915,-116.6179,,n/a,,,,,,,,,,
PH,22,PH22,9,92,33.9391,-116.61774,,n/a,,,,,,,,,,
PH,22,PH22,9,101,33.93915,-116.61794,,n/a,,,,,,,,,,
PH,22,PH22,9,102,33.93914,-116.61789,,n/a,,,,,,,,,,
PH,22,PH22,9,,n/a,n/a,,n/a,,,,,,,,,,
PH,23,PH23,n/a,52,33.93915,-116.61794,,n/a,3.9,129,52,m,y,n/a,,y.bl,,
PH,23,PH23,n/a,62,33.93914,-116.6179,,n/a,,,,,,,,,,
PH,23,PH23,n/a,72,33.93913,-116.61787,,n/a,,,,,,,,,,
PH,23,PH23,n/a,72,33.93913,-116.61787,,n/a,,,,,,,,,,
PH,24,PH24,n/a,61,33.93933,-116.618,,n/a,2.6,121,43,f,n,0,,o.bl,,
PH,24,PH24,n/a,62,33.93931,-116.618,,n/a,,,,,,,,,,
PH,25,PH25,4,61,33.93947,-116.61795,,n/a,2.8,123,44,f,n,2,,o.bl,,
PH,25,PH25,4,91,33.93941,-116.618,,n/a,,,,,,,,,,
PH,25,PH25,4,92,33.93949,-116.61802,,n/a,,,,,,,,,,
PH,26,PH26,LY,62,33.93936,-116.61767,,n/a,3.3,103,46,f,y,0,,o.bl,tail regenerated and constricted at fracture near legs,
PH,26,PH26,LY,72,33.93946,-116.61778,,n/a,,,,,,,,,,
PH,30,PH30,n/a,62,33.93942,-116.61751,,n/a,2.5,104,43,f,y,1,,o.bl,ova questionable,
PH,30,PH30,n/a,73,33.9394,-116.61755,,n/a,,,,,,,,,,
PH,31,PH31,n/a,62,33.93954,-116.61779,,n/a,3.5,134,48,f,n,0,,o.bl!,,
PH,31,PH31,n/a,72,33.93951,-116.61779,,n/a,,,,,,,,,,
PH,31,PH31,n/a,73,33.93953,-116.61784,,n/a,,,,,,,,,,
PH,31,PH31,n/a,81,33.93952,-116.61774,,n/a,,,,,,,,,,
PH,31,PH31,n/a,92,33.93954,-116.61779,,n/a,,,,,,,,,,
PH,31,PH31,n/a,101,33.93948,-116.61774,,n/a,,,,,,,,,,
PH,31,PH31,n/a,102,33.9395,-116.61778,,n/a,,,,,,,,,,
PH,32,PH32,n/a,72,33.93909,-116.61801,,n/a,3.1,126,49,f,y,0,,o.bk,kinked regen tail,
PH,32,PH32,n/a,91,33.93911,-116.61797,,n/a,,,,,,,,,,
PH,32,PH32,n/a,92,33.93908,-116.618,,n/a,,,,,,,,,,
PH,32,PH32,n/a,101,33.93909,-116.61803,,n/a,,,,,,,,,,
PH,32,PH32,n/a,102,33.93906,-116.61804,,n/a,,,,,,,,,,
PH,33,PH33,n/a,73,33.93906,-116.61795,,n/a,3,114,46,f,y,2,,o.bl,,
PH,34,PH34,n/a,81,33.93917,-116.61803,,n/a,5.5,150,53,m,y,n/a,,y.bl,,
PH,35,PH35,n/a,81,33.93946,-116.6179,,n/a,5.4,158,52,m,n,n/a,,o.bl,,
PH,36,PH36,n/a,81,33.93944,-116.61787,,n/a,3.7,97,47,f,y,1,,o.w,,
PH,36,PH36,n/a,92,33.93943,-116.61787,,n/a,,,,,,,,,,
PH,36,PH36,n/a,102,33.93938,-116.61774,,moved 12 meters from other obs.,,,,,,,,,,
PH,4,PH4,RX,41,33.93928,-116.61787,,n/a,4.5,103,52,m,y,n/a,,y.bl,,
PH,4,PH4,RX,42,33.93925,-116.61794,,n/a,,,,,,,,,,
PH,4,PH4,RX,51,33.93923,-116.61806,,n/a,,,,,,,,,,
PH,4,PH4,RX,52,33.93925,-116.61795,,n/a,,,,,,,,,,
PH,4,PH4,RX,61,33.93926,-116.61789,,n/a,,,,,,,,,,
PH,4,PH4,RX,71,33.93925,-116.61788,,n/a,,,,,,,,,,
PH,4,PH4,RX,72,33.93928,-116.61782,,n/a,,,,,,,,,,
PH,40,PH40,7,81,33.93938,-116.61797,,n/a,3.7,99,46,f,y,0,,o.w,,
PH,41,PH41,n/a,81,33.93949,-116.61788,,n/a,5.7,140,52,m,y,n/a,,y.bl, ,
PH,41,PH41,n/a,91,33.93951,-116.61793,,n/a,,,,,,,,,,
PH,41,PH41,n/a,92,33.93948,-116.61803,,n/a,,,,,,,,,,
PH,42,PH42,n/a,81,33.93913,-116.61781,,"
overlapped with previous territory?",3.3,84,51,f,y,1,,y.w,lost a tag previously?,
PH,43,PH43,n/a,81,33.93926,-116.61786,,n/a,3,108,57,f,y,1,n,o.bl,light bl thr,
PH,43,PH43,7,91,33.93924,-116.61788,,n/a,,,,,,,,,,
PH,43,PH43,7,92,33.93934,-116.61781,,moved,,,,,,,,,,
PH,43,PH43,7,102,33.93925,-116.61788,,n/a,,,,,,,,,,
PH,43(2),PH43(2),7,81,33.93924,-116.61763,,moved. ,4.5,66,50,f,y,0,,y.g,,
PH,44,PH44,n/a,81,33.93922,-116.61766,,n/a,4.1,110,45,m,n,n/a,,y.bl,,
PH,44,PH44,n/a,92,33.93927,-116.61768,,n/a,,,,,,,,,,
PH,44,PH44,n/a,102,33.93924,-116.61766,,n/a,,,,,,,,,,
PH,45,PH45,74,91,33.93905,-116.61787,,"No 74 tagged, 70 is sex mismatch. Moved 14.3 meters from other observations",4,132,50,m,y,n/a,,y.bl,,
PH,45,PH45,74,92,33.93911,-116.61802,,n/a,,,,,,,,,,
PH,45,PH45,74,102,33.93905,-116.61803,,n/a,,,,,,,,,,
PH,46,PH46,n/a,91,33.93903,-116.61764,,n/a,4.6,125,48,m,y,n/a,,y.bl,,
PH,46,PH46,n/a,102,33.93902,-116.61776,,n/a,,,,,,,,,,
PH,5,PH5,n/a,41,33.9394,-116.61755,,n/a,2.9,115,45,f,y,0,,y.bl,,
PH,5,PH5,n/a,51,33.93941,-116.61761,,n/a,,,,,,,,,,
PH,5,PH5,n/a,51,33.93935,-116.61758,,n/a,,,,,,,,,,
PH,5,PH5,n/a,52,33.93937,-116.61755,,n/a,,,,,,,,,,
PH,5,PH5,n/a,61,33.93935,-116.61755,,n/a,,,,,,,,,,
PH,5,PH5,n/a,71,33.93935,-116.61759,,n/a,,,,,,,,,,
PH,5,PH5,n/a,72,33.93933,-116.61758,,n/a,,,,,,,,,,
PH,5,PH5,n/a,73,33.93946,-116.61758,,n/a,,,,,,,,,,
PH,5,PH5,n/a,81,33.93936,-116.61757,,n/a,,,,,,,,,,
PH,50,PH50,n/a,91,33.93945,-116.61761,,n/a,3.7,111,50,f,y,0,,o.bl,,
PH,50,PH50,n/a,101,33.93943,-116.61756,,n/a,,,,,,,,,,
PH,50,PH50,n/a,102,33.93941,-116.61761,,n/a,,,,,,,,,,
PH,6,PH6,"9, 70, 40, RY",41,33.93933,-116.61803,,n/a,5.2,133,51,m,y,n/a,,y.bl,,
PH,6,PH6,"9, 70, 40, RY",42,33.93918,-116.61806,,n/a,,,,,,,,,,
PH,6,PH6,"9, 70, 40, RY",51,33.93919,-116.61806,,n/a,,,,,,,,,,
PH,6,PH6,"9, 70, 40, RY",61,33.93919,-116.61806,,n/a,,,,,,,,,,
PH,6,PH6,"9, 70, 40, RY",62,33.9392,-116.61808,,n/a,,,,,,,,,,
PH,6,PH6,"9, 70, 40, RY",72,33.93923,-116.61803,,n/a,,,,,,,,,,
PH,6,PH6,"9, 70, 40, RY",73,33.93922,-116.6181,,n/a,,,,,,,,,,
SG,0,SG0,100,41,33.97727,-116.67157,,n/a,4.9,120,51,m,y,n/a,,y.bl,,
SG,0,SG0,100,42,n/a,n/a,,n/a,,,,,,,,,,
SG,0,SG0,100,52,33.97731,-116.67165,,n/a,,,,,,,,,,
SG,0,SG0,100,61,33.97728,-116.67169,,n/a,,,,,,,,,,
SG,0,SG0,100,62,33.97731,-116.67175,,n/a,,,,,,,,,,
SG,0,SG0,100,81,33.9773,-116.67171,,n/a,,,,,,,,,,
SG,0,SG0,100,91,33.97733,-116.67169,,n/a,,,,,,,,,,1
SG,0,SG0,100,101,33.97728,-116.67167,,n/a,,,,,,,,,,1
SG,0,SG0,100,102,33.97729,-116.6717,,n/a,,,,,,,,,,1
SG,1,SG1,39,31,n/a,n/a,,n/a,5.8,135,51,m,y,n/a,y,y.bl,not paint pen marked,
SG,1,SG1,39,41,33.97752,-116.67209,,"verified by stats, photos, loc",5,137,52,m,y,n/a,,y.bl,,
SG,1,SG1,39,42,n/a,n/a,,n/a,,,,,,,,,,
SG,1,SG1,39,52,33.97755,-116.67204,,n/a,,,,,,,,,,
SG,10,SG10,n/a,41,33.97764,-116.67167,,n/a,5.3,114,51,m,y,n/a,,o.,,
SG,10,SG10,n/a,61,33.97764,-116.67171,,n/a,,,,,,,,,,
SG,10,SG10,n/a,62,33.97762,-116.67171,,n/a,,,,,,,,,,
SG,10,SG10,n/a,71,33.97763,-116.6717,,n/a,,,,,,,,,,
SG,10,SG10,n/a,72,33.97765,-116.6717,,n/a,,,,,,,,,,
SG,10,SG10,n/a,81,33.97765,-116.67192,,21 meters from other observations,,,,,,,,,,
SG,10,SG10,n/a,92,33.97762,-116.67172,,n/a,,,,,,,,,,1
SG,10,SG10,n/a,101,33.97773,-116.67168,,n/a,,,,,,,,,,1
SG,10,SG10,n/a,102,33.97757,-116.67165,,n/a,,,,,,,,,,1
SG,100,SG100,n/a,81,33.97729,-116.67175,,n/a,4.3,127,48,f,n,0,,bk,,
SG,101,SG101,n/a,81,33.97752,-116.67166,,n/a,5.1,120,52,f,y,1,,o.bk,,
SG,101,SG101,n/a,101,33.97752,-116.67159,,n/a,,,,,,,,,,1
SG,101,SG101,n/a,102,33.97752,-116.67157,,n/a,,,,,,,,,,1
SG,102,SG102,n/a,81,33.9773,-116.67184,,n/a,5.3,73,53,f,y,1,,o.bk,,
SG,103,SG103,n/a,81,33.97743,-116.67164,,n/a,3.4,102,47,f,y,1,,o.bl,,
SG,103,SG103,n/a,102,33.97738,-116.67166,,n/a,,,,,,,,,,1
SG,104,SG104,n/a,91,33.97747,-116.67196,,n/a,4.7,127,54,m,y,n/a,,o.bl,,1
SG,105,SG105,n/a,91,33.97755,-116.67197,,n/a,3.5,127,49,f,n,n/a,,y.w,,1
SG,105,SG105,n/a,92,33.97751,-116.67193,,n/a,,,,,,,,,,1
SG,105,SG105,n/a,101,33.97751,-116.67194,,n/a,,,,,,,,,,1
SG,106,SG106,n/a,91,33.97759,-116.67198,,n/a,4.3,118,49,f,y,1,,o.w,,1
SG,106,SG106,n/a,92,33.9776,-116.67205,,n/a,,,,,,,,,,1
SG,106,SG106,n/a,102,33.97754,-116.67203,,n/a,,,,,,,,,,1
SG,11,SG11,n/a,41,33.97753,-116.67194,,n/a,4.1,111,46,f,y,1,,o.,,
SG,11,SG11,n/a,42,n/a,n/a,,n/a,,,,,,,,,,
SG,11,SG11,n/a,51,33.97756,-116.67195,,n/a,,,,,,,,,,
SG,11,SG11,n/a,52,33.97752,-116.67199,,n/a,,,,,,,,,,
SG,11,SG11,n/a,62,33.97755,-116.67191,,n/a,,,,,,,,,,
SG,11,SG11,n/a,71,33.97754,-116.67191,,n/a,,,,,,,,,,
SG,11,SG11,n/a,72,33.97754,-116.67197,,n/a,,,,,,,,,,
SG,11,SG11,n/a,81,33.97752,-116.67193,,n/a,,,,,,,,,,
SG,110,SG110,"90, 20, 2",92,33.97739,-116.67168,,n/a,4.2,134,51,f,y,0,,y.w,,1
SG,110,SG110,"90, 20, 2",101,33.97739,-116.67165,,n/a,,,,,,,,,,1
SG,110,SG110,"90, 20, 2",102,33.97741,-116.67162,,n/a,,,,,,,,,,1
SG,111,SG111,18 (2),92,n/a,n/a,,"location, photo mismatch with 3T18",3.4,135,51,f,n,0,,y.g,,1
SG,111,SG111,18 (2),101,33.97733,-116.67196,,20 meters from 13T18,,,,,,,,,,1
SG,111,SG111,18 (2),102,33.97734,-116.672,,20 meters from 13T18,,,,,,,,,,1
SG,112,SG112,n/a,101,33.97751,-116.67218,,n/a,4.8,143,51,m,n,n/a,,y.bl,,1
SG,112,SG112,n/a,102,33.97764,-116.67209,,16 meters apart,,,,,,,,,,1
SG,12,SG12,n/a,41,33.97747,-116.67167,,n/a,5.3,152,53,m,n,n/a,,o.bl,,
SG,12,SG12,n/a,42,n/a,n/a,,n/a,,,,,,,,,,
SG,12,SG12,n/a,51,33.97738,-116.6716,,n/a,,,,,,,,,,
SG,12,SG12,n/a,61,33.97742,-116.67164,,n/a,,,,,,,,,,
SG,12,SG12,n/a,81,33.97744,-116.67164,,n/a,,,,,,,,,,
SG,12,SG12,n/a,91,33.97745,-116.67165,,n/a,,,,,,,,,,1
SG,12,SG12,n/a,92,33.97742,-116.6717,,n/a,,,,,,,,,,1
SG,12,SG12,n/a,101,33.97741,-116.67173,,n/a,,,,,,,,,,1
SG,12,SG12,n/a,102,33.97739,-116.67165,,n/a,,,,,,,,,,1
SG,13,SG13,n/a,41,33.97758,-116.67195,,n/a,5.2,125,53,m,y,n/a,,o.bl,,
SG,13,SG13,n/a,42,n/a,n/a,,n/a,,,,,,,,,,
SG,13,SG13,n/a,51,33.97751,-116.67193,,n/a,,,,,,,,,,
SG,13,SG13,n/a,51,33.97741,-116.67174,,n/a,,,,,,,,,,
SG,13,SG13,n/a,52,33.97752,-116.67203,,n/a,,,,,,,,,,
SG,13,SG13,n/a,61,33.97751,-116.67201,,n/a,,,,,,,,,,
SG,13,SG13,n/a,62,33.97755,-116.67175,,n/a,,,,,,,,,,
SG,13,SG13,n/a,71,33.97745,-116.67201,,n/a,,,,,,,,,,
SG,13,SG13,n/a,72,33.97752,-116.67197,,n/a,,,,,,,,,,
SG,130,SG130,n/a,51,33.97759,-116.67173,,n/a,4.8,119,48,m,y,n/a,,y.bl,tag 130,
SG,130,SG130,n/a,52,33.97752,-116.67165,,n/a,,,,,,,,,,
SG,130,SG130,n/a,61,33.97757,-116.6717,,n/a,,,,,,,,,,
SG,130,SG130,n/a,71,33.97756,-116.67174,,n/a,,,,,,,,,,
SG,130,SG130,n/a,72,33.97754,-116.67174,,n/a,,,,,,,,,,
SG,130,SG130,n/a,81,33.97747,-116.67175,,n/a,,,,,,,,,,
SG,13T02,SG13T02,2,11,33.97736,-116.67188,,n/a,1.9,89,36,m,y,n/a,,n/a,,
SG,13T02,SG13T02,2,12,33.97732,-116.67191,,n/a,,,,,,,,,,
SG,13T02,SG13T02,2,21,33.97739,-116.67194,,"verified photos, loc, stats",2.2,101,39,m,y,n/a,na,n/a,repaint,1
SG,13T02,SG13T02,2,22,33.97734,-116.67191,,n/a,,,,,,,,,,
SG,13T04,SG13T04,4,11,33.97732,-116.67183,,n/a,2.2,114,37,m,n,n/a,,n/a,,
SG,13T04,SG13T04,4,12,33.97731,-116.67183,,n/a,,,,,,,,,,
SG,13T05,SG13T05,5,11,33.97746,-116.67216,,n/a,3.1,122,46,f,y,n/a,,n/a,,
SG,13T05,SG13T05,5,31,n/a,n/a,,"verified photos, stats, ",4.8,81,50,f,n,2,na,o.,not paint pen marked,
SG,13T06,SG13T06,6,11,33.97744,-116.67191,,n/a,2,116,39,m,n/a,n/a,,n/a,,
SG,13T06,SG13T06,6,21,33.97747,-116.67184,,n/a,,,,,,,,,,
SG,13T07,SG13T07,7,11,33.9774,-116.67213,,n/a,4.2,135,48,f,n,n/a,,n/a,,
SG,13T07,SG13T07,7,12,33.97736,-116.67213,,n/a,,,,,,,,,,
SG,13T07,SG13T07,7,22,33.97739,-116.67214,,n/a,,,,,,,,,,
SG,13T07,SG13T07,7,31,n/a,n/a,,"verified photos, loc, stats",5.3,130,49,f,y,n/a,na,o.bl,not paint pen marked,1
SG,13T08,SG13T08,8,11,33.97737,-116.67204,,n/a,3.9,119,48,f,y,n/a,,n/a,,
SG,13T08,SG13T08,8,21,33.97736,-116.67203,,n/a,,,,,,,,,,
SG,13T08,SG13T08,8,22,33.97741,-116.67207,,n/a,,,,,,,,,,
SG,13T10,SG13T10,10 (2),11,33.97756,-116.67188,,27 meters from other obs,4.3,120,51,m,y,n/a,,n/a,,
SG,13T11,SG13T11,11,11,33.97742,-116.67165,,n/a,4.6,141,49,m,n,n/a,,n/a,,
SG,13T14,SG13T14,14,12,33.97731,-116.67173,,n/a,1.7,105,36,m,n,n/a,,n/a,,
SG,13T14,SG13T14,14,21,33.97731,-116.67176,,"verified photos, loc, stats",2.3,114,39,m,n,n/a,na,n/a,,
SG,13T14,SG13T14,14,22,33.97731,-116.67177,,n/a,,,,,,,,,,
SG,13T15,SG13T15,15,12,33.97746,-116.67197,,n/a,2.2,116,38,m,n,n/a,,n/a,,
SG,13T15,SG13T15,15,22,33.97737,-116.67165,N,"31 meters from other location, coordinates for 35?",,,,,,,,,,
SG,13T16,SG13T16,16,31,n/a,n/a,,n/a,6.9,149,55,m,y,n/a,,y.bl,not paint pen marked,
SG,13T17,SG13T17,17,12,33.97729,-116.67168,,n/a,2.5,119,41,m,n,n/a,,n/a,,
SG,13T17,SG13T17,17,21,33.97725,-116.67171,,n/a,,,,,,,,,,
SG,13T17,SG13T17,17,22,33.97727,-116.67168,,n/a,,,,,,,,,,
SG,13T21,SG13T21,21,12,33.97726,-116.67168,,n/a,1.6,93,35,f,y,n/a,,n/a,,
SG,13T21,SG13T21,21,21,33.97726,-116.67165,,n/a,,,,,,,,,,
SG,13T23,SG13T23,23,21,33.97729,-116.67181,,n/a,2.1,103,37,m,n,n/a,,n/a,,
SG,13T23,SG13T23,23,22,33.97734,-116.6718,,n/a,,,,,,,,,,
SG,13T24,SG13T24,24,21,33.97751,-116.67208,,n/a,3.8,128,46,f,n,n/a,,n/a,,
SG,13T24,SG13T24,24,22,33.97751,-116.67212,,n/a,,,,,,,,,,
SG,13T24,SG13T24,24,31,n/a,n/a,,"verified by photo, loc, stats",5.3,133,50,f,n,2,na,o.bl,not paint pen marked,1
SG,13T25,SG13T25,25,21,33.97733,-116.67216,,n/a,2.1,111,39,m,n,n/a,,y.w,marked from purple to black,
SG,13T25,SG13T25,25,22,33.97735,-116.67217,,n/a,,,,,,,,,,
SG,13T27,SG13T27,27,21,33.97738,-116.67201,,n/a,1.8,103,35,m,n,n/a,,y.w,,
SG,13T27,SG13T27,27,22,33.97737,-116.67202,,n/a,,,,,,,,,,
SG,13T31,SG13T31,31,22,33.97736,-116.67182,,n/a,1.8,85,36,m,y,n/a,,o.w,,
SG,13T31 (2),SG13T31 (2),31 (2),31,n/a,n/a,,"photo, sex mismatch with 13T31",4.2,117,49,f,y,n/a,,o.,not paint pen marked,
SG,13T327,SG13T327,"300, 20, 7",31,n/a,n/a,,n/a,5.5,153,53,m,n,n/a,,o!.bk,not paint pen marked,
SG,13T33,SG13T33,33,22,33.97741,-116.67182,,n/a,1.5,70,35,f,y,n/a,,n/a,,
SG,13T35,SG13T35,35,22,33.97737,-116.67165,,n/a,3.7,115,48,f,y,n/a,,o.w/bl,,
SG,13T36,SG13T36,36,22,33.97739,-116.67201,,n/a,2,97,37,f,y,n/a,,o.w/bl,,
SG,13T37,SG13T37,37,22,33.97733,-116.67165,,n/a,2.7,116,40,m,m,n/a,,o.w,,
SG,13T38,SG13T38,38,31,n/a,n/a,,n/a,3.8,129,48,f,n,n/a,,n/a,not paint pen marked,
SG,13T40,SG13T40,40,31,n/a,n/a,,n/a,6.5,153,52,m,n,n/a,,o.bk,not paint pen marked,
SG,13T41,SG13T41,41,31,n/a,n/a,,n/a,3.5,118,44,f,y,n/a,,n/a,not paint pen marked,
SG,13T600X,SG13T600X,600X,31,n/a,n/a,,mismatch with other X,4.6,143,49,m,y,n/a,,y.bl,not paint pen marked,
SG,14,SG14,40 (2),41,33.9775,-116.67218,,"r hand middle, stats, photo mismatch",3.7,129,46,f,n,n/a,,o.bl,,
SG,14,SG14,40 (2),42,n/a,n/a,,n/a,,,,,,,,,,
SG,14,SG14,40 (2),51,33.97747,-116.67221,,n/a,,,,,,,,,,
SG,14,SG14,40 (2),71,33.97746,-116.67222,,n/a,,,,,,,,,,
SG,14,SG14,40 (2),72,33.97746,-116.67212,,n/a,,,,,,,,,,
SG,14,SG14,40 (2),81,33.97745,-116.67218,,n/a,,,,,,,,,,
SG,14T12,SG14T12,12,71,33.97736,-116.67213,,toes unsure,1.3,98,36,f,n,n/a,,n/a,,
SG,14T12,SG14T12,12,72,33.97735,-116.67214,,n/a,,,,,,,,,,
SG,16,SG16,LY,42,33.97733,-116.6722,,"concurrent with 040, 14TLYXRY",4,137,49,m,n,n/a,,o.bl,,
SG,16,SG16,LY,61,33.97728,-116.67229,,n/a,,,,,,,,,,
SG,16,SG16,LY,72,33.97727,-116.67229,,n/a,,,,,,,,,,
SG,2,SG2,n/a,41,33.97749,-116.67183,,n/a,4,116,47,f,y,0,,n/a,unsure sex,
SG,2,SG2,n/a,42,n/a,n/a,,n/a,,,,,,,,,,
SG,2,SG2,n/a,52,33.9775,-116.67182,,n/a,,,,,,,,,,
SG,2,SG2,n/a,72,33.97751,-116.67179,,n/a,,,,,,,,,,
SG,2,SG2,n/a,81,33.97738,-116.67165,,19 meters from other obs.,,,,,,,,,,
SG,2,SG2,n/a,91,33.97747,-116.67184,,n/a,,,,,,,,,,1
SG,2,SG2,n/a,92,33.9775,-116.67187,,n/a,,,,,,,,,,1
SG,2,SG2,n/a,101,33.97745,-116.67182,,n/a,,,,,,,,,,1
SG,2,SG2,n/a,102,33.97742,-116.67182,,n/a,,,,,,,,,,1
SG,20,SG20,28,21,33.97734,-116.67165,,31 meters from other locations,2.2,121,40,m,n,n/a,y,y.bk,,
SG,20,SG20,28,42,33.97763,-116.67165,,"photo match, stats match",4.4,154,52,m,y,n/a,,y.bl,,
SG,20,SG20,28,51,33.97768,-116.67168,,n/a,,,,,,,,,,
SG,20,SG20,28,52,33.97762,-116.67177,,n/a,,,,,,,,,,
SG,20,SG20,28,102,33.97774,-116.67177,,n/a,,,,,,,,,,1
SG,21,SG21,n/a,42,33.97736,-116.67223,,n/a,4.6,117,51,m,y,n/a,,o.bl,,
SG,21,SG21,n/a,61,33.97734,-116.6721,,n/a,,,,,,,,,,
SG,21,SG21,n/a,62,33.97754,-116.67163,,37 meters from other location,,,,,,,,,,
SG,21,SG21,n/a,62,33.97738,-116.67203,,n/a,,,,,,,,,,
SG,21,SG21,n/a,71,33.97735,-116.67201,,n/a,,,,,,,,,,
SG,21,SG21,n/a,72,33.97736,-116.67206,,n/a,,,,,,,,,,
SG,21,SG21,n/a,81,33.97737,-116.67204,,n/a,,,,,,,,,,
SG,21,SG21,n/a,91,33.97737,-116.67198,,n/a,,,,,,,,,,1
SG,21,SG21,n/a,92,33.9774,-116.6721,,n/a,,,,,,,,,,1
SG,21,SG21,n/a,101,33.97733,-116.67194,,n/a,,,,,,,,,,1
SG,21,SG21,n/a,102,33.97733,-116.67193,,n/a,,,,,,,,,,1
SG,22,SG22,n/a,42,33.97767,-116.67221,,n/a,5,137,48,f,n,0,,o.bl,,
SG,22,SG22,n/a,52,33.97763,-116.67216,,n/a,,,,,,,,,,
SG,22,SG22,n/a,61,33.97769,-116.67222,,unsure ID but good location match,,,,,,,,,,
SG,22,SG22,n/a,62,33.97762,-116.67213,,n/a,,,,,,,,,,
SG,22,SG22,n/a,72,33.97765,-116.67214,,n/a,,,,,,,,,,
SG,22,SG22,n/a,81,n/a,n/a,,n/a,,,,,,,,,,
SG,22,SG22,n/a,91,33.97766,-116.67213,,n/a,,,,,,,,,,1
SG,22,SG22,n/a,101,33.97763,-116.67215,,n/a,,,,,,,,,,1
SG,22,SG22,n/a,102,33.97764,-116.67207,,n/a,,,,,,,,,,1
SG,23,SG23,9,31,n/a,n/a,,"photo match, stats match",5.3,142,51,m,y,n/a,y,y.bl,not paint pen marked,
SG,23,SG23,9,42,n/a,n/a,,"photo match, stats match",4.7,144,51,m,y,n/a,,y.bl,,
SG,23,SG23,9,52,33.97746,-116.67175,,n/a,,,,,,,,,,
SG,23,SG23,9,61,33.97757,-116.67166,N,"unsure ID, 11 meters from other observations",,,,,,,,,,
SG,24,SG24,n/a,42,n/a,n/a,,n/a,3.2,122,49,f,y,0,,o.,,
SG,24,SG24,n/a,61,33.97759,-116.672,,n/a,,,,,,,,,,
SG,24,SG24,n/a,62,33.97759,-116.67205,,n/a,,,,,,,,,,
SG,24,SG24,n/a,62,33.97757,-116.67204,,n/a,,,,,,,,,,
SG,25,SG25,RX,51,33.97752,-116.67168,,"concurrent 003, 14TLYXRY, 053, 064, photo mismatch 13T600X",4.5,154,52,m,n,n/a,,y.bl,regrowth started but tail kept and regrow ended. Missing Rx,
SG,25,SG25,RX,72,33.97758,-116.6716,,n/a,,,,,,,,,,
SG,25,SG25,RX,81,33.97757,-116.67162,,n/a,,,,,,,,,,
SG,25,SG25,RX,92,33.9776,-116.67168,,n/a,,,,,,,,,,1
SG,26,SG26,34,22,33.97739,-116.67164,,n/a,2.1,111,37,f,n,n/a,na,n/a,,
SG,26,SG26,34,51,33.97732,-116.67163,,"verified by stats, loc",3.8,132,47,f,n,0,,y.bl,,
SG,26,SG26,34,52,33.97738,-116.67167,,n/a,,,,,,,,,,
SG,3,SG3,X,31,n/a,n/a,,"stats mismatch with 14TLYXRY, 053, 064, 025, concurrent with 13T600X",5.6,150,52,m,n,n/a,y,y.,not paint pen marked,
SG,3,SG3,X,41,33.97728,-116.67177,,"verified 13TX by stats, loc, photo",4.8,123,51,m,y,n/a,,y.bl,,
SG,3,SG3,X,42,n/a,n/a,,n/a,,,,,,,,,,
SG,3,SG3,X,51,n/a,n/a,,n/a,,,,,,,,,"X, Not # 25, smaller than TX",
SG,3,SG3,X,52,33.97733,-116.67184,,n/a,,,,,,,,,,
SG,3,SG3,X,62,33.9773,-116.6718,,n/a,,,,,,,,,,
SG,30,SG30,n/a,51,33.97758,-116.67199,,n/a,3.2,109,46,f,y,0,,y.bl,,
SG,30,SG30,n/a,52,33.97762,-116.6721,,n/a,,,,,,,,,,
SG,30,SG30,n/a,62,33.9776,-116.67206,,n/a,,,,,,,,,,
SG,30,SG30,n/a,101,33.97759,-116.67205,,n/a,,,,,,,,,,1
SG,30,SG30,n/a,102,33.9776,-116.67204,,n/a,,,,,,,,,,1
SG,32,SG32,n/a,51,33.97758,-116.67197,,n/a,4.5,134,50,m,y,n/a,,y.bl,,
SG,32,SG32,n/a,61,33.97754,-116.67198,,n/a,,,,,,,,,,
SG,32,SG32,n/a,62,33.9776,-116.67191,,n/a,,,,,,,,,,
SG,32,SG32,n/a,71,33.97753,-116.67197,,n/a,,,,,,,,,,
SG,32,SG32,n/a,72,33.97757,-116.67197,,n/a,,,,,,,,,,
SG,32,SG32,n/a,81,33.97746,-116.67195,,n/a,,,,,,,,,,
SG,32,SG32,n/a,92,33.97752,-116.67202,,n/a,,,,,,,,,,1
SG,32,SG32,n/a,92,33.97747,-116.67195,,n/a,,,,,,,,,,1
SG,32,SG32,n/a,102,33.97749,-116.672,,n/a,,,,,,,,,,1
SG,32,SG32,n/a,102,33.97755,-116.67195,,n/a,,,,,,,,,,1
SG,330,SG330,n/a,52,33.9776,-116.67184,,n/a,5.2,144,50,m,y,n/a,,y.bl,tag 330,
SG,330,SG330,n/a,62,33.97768,-116.67189,,n/a,,,,,,,,,,
SG,330,SG330,n/a,71,33.97764,-116.67186,,n/a,,,,,,,,,,
SG,330,SG330,n/a,72,33.97763,-116.67187,,n/a,,,,,,,,,,
SG,330,SG330,n/a,81,33.97758,-116.67181,,n/a,,,,,,,,,,
SG,34,SG34,n/a,52,33.97759,-116.67217,,n/a,3,90,48,f,y,0,,o.bl,,
SG,34,SG34,n/a,72,33.97756,-116.67217,,n/a,,,,,,,,,,
SG,35,SG35,10,21,33.97728,-116.67169,,"11 to 21: location, growth mismatch, 11 photo mismatch with 31",4.6,140,55,m,y,n/a,na,n/a,repaint,
SG,35,SG35,10,22,33.97729,-116.67171,,n/a,,,,,,,,,,
SG,35,SG35,10,31,n/a,n/a,,"photo match w/ 21, 52, not 11",5.9,145,53,m,y,n/a,y,y.bl,not paint pen marked,1
SG,35,SG35,10,52,33.9773,-116.6717,,"verified by photos, stats",4.8,111,52,m,y,n/a,,y.bl,,
SG,35,SG35,10,61,33.97732,-116.67171,,n/a,,,,,,,,,,
SG,35,SG35,10,62,33.97729,-116.67175,,n/a,,,,,,,,,,
SG,35,SG35,10,72,33.97731,-116.67176,,n/a,,,,,,,,,,
SG,35,SG35,10,81,33.9773,-116.6718,,n/a,,,,,,,,,,
SG,35,SG35,10,91,33.97734,-116.67175,,n/a,,,,,,,,,,1
SG,35,SG35,10,92,33.97729,-116.67176,,n/a,,,,,,,,,,1
SG,35,SG35,10,101,33.97733,-116.67187,,n/a,,,,,,,,,,1
SG,35,SG35,10,102,33.97728,-116.67178,,n/a,,,,,,,,,,1
SG,36,SG36,RX,61,33.97747,-116.67159,,"stats mismatch with 14TLYXRY, 064, 053, concurrent with 025, 003, location and growth mismatch 13T600X",3.7,115,49,m,y,n/a,,n/a,,
SG,4,SG4,2 (2),41,33.97751,-116.67197,,"13T02 to 004: photo pattern mismatch from juv to ad., loc mismatch, stats ok though.",4.9,146,52,m,y,n/a,,o.bl,,
SG,4,SG4,2 (2),42,n/a,n/a,,n/a,,,,,,,,,,
SG,4,SG4,2 (2),51,33.97782,-116.67152,N,"coordinate errors, 20 meters from typical search area",,,,,,,,,,
SG,4,SG4,2 (2),62,33.97755,-116.67182,,n/a,,,,,,,,,,
SG,40,SG40,RY,61,33.97733,-116.672,,"concurrent with 016, 14TLYXRY",1.8,105,35,f,y,0,,o.bl,,
SG,40,SG40,RY,62,33.97736,-116.67197,,n/a,,,,,,,,,,
SG,40,SG40,RY,71,33.97733,-116.672,,n/a,,,,,,,,,,
SG,40,SG40,RY,72,33.97733,-116.672,,n/a,,,,,,,,,,
SG,40,SG40,RY,81,33.97732,-116.67194,,n/a,,,,,,,,,,
SG,40,SG40,RY,92,33.97736,-116.672,,n/a,,,,,,,,,,1
SG,40,SG40,RY,101,33.97739,-116.67197,,n/a,,,,,,,,,,1
SG,40,SG40,RY,102,33.97733,-116.67193,,n/a,,,,,,,,,,1
SG,41,SG41,n/a,61,33.97741,-116.6722,,n/a,3.4,94,46,f,y,0,,o.bl,,
SG,41,SG41,n/a,62,33.97742,-116.67213,,n/a,,,,,,,,,,
SG,41,SG41,n/a,62,33.97742,-116.67212,,n/a,,,,,,,,,,
SG,41,SG41,n/a,71,33.97743,-116.67213,,n/a,,,,,,,,,,
SG,41,SG41,n/a,72,33.97737,-116.67205,,n/a,,,,,,,,,,
SG,41,SG41,n/a,102,33.97754,-116.67216,,n/a,,,,,,,,,,1
SG,42,SG42,n/a,61,33.9775,-116.67209,,n/a,1.9,105,36,f,n,0,,o.bl,,
SG,42,SG42,n/a,62,33.97747,-116.67207,,n/a,,,,,,,,,,
SG,42,SG42,n/a,71,33.97733,-116.67191,,15 meters from other observations,,,,,,,,,,
SG,42,SG42,n/a,72,33.97738,-116.67208,,n/a,,,,,,,,,,
SG,42,SG42,n/a,81,33.97753,-116.67206,,n/a,,,,,,,,,,
SG,42,SG42,n/a,101,33.97737,-116.67204,,n/a,,,,,,,,,,1
SG,42,SG42,n/a,102,33.97738,-116.67203,,n/a,,,,,,,,,,1
SG,43,SG43,n/a,62,33.97735,-116.67191,,n/a,2.1,110,37,m,n,n/a,,o.bk,,
SG,43,SG43,n/a,71,33.97745,-116.67187,,coordinate errors on sheet,,,,,,,,,,
SG,43,SG43,n/a,72,33.97733,-116.67192,,n/a,,,,,,,,,,
SG,44,SG44,n/a,62,33.97731,-116.6718,,n/a,3.4,116,46,m,y,2,,o.bl,,
SG,44,SG44,n/a,91,33.97728,-116.67176,,n/a,,,,,,,,,,1
SG,44,SG44,n/a,91,n/a,n/a,,n/a,,,,,,,,,,1
SG,44,SG44,n/a,92,33.97733,-116.67183,,n/a,,,,,,,,,,1
SG,44,SG44,n/a,101,33.97729,-116.67179,,n/a,,,,,,,,,,1
SG,44,SG44,n/a,102,33.97728,-116.67178,,n/a,,,,,,,,,,1
SG,45,SG45,n/a,71,33.9774,-116.67192,,n/a,1.8,121,41,m,y,n/a,,o.bl,,
SG,45,SG45,n/a,72,33.9774,-116.67185,,n/a,,,,,,,,,,
SG,45,SG45,n/a,81,33.97742,-116.67182,,n/a,,,,,,,,,,
SG,46,SG46,n/a,71,33.97768,-116.67186,,n/a,5.3,146,58,m,y,n/a,,y.bl,,
SG,46,SG46,n/a,72,33.97769,-116.67189,,n/a,,,,,,,,,,
SG,5,SG5,n/a,41,33.97743,-116.67175,,n/a,5.3,127,51,f,y,0,,o.bl,,
SG,5,SG5,n/a,51,33.97742,-116.6718,,n/a,,,,,,,,,,
SG,5,SG5,n/a,51,33.97731,-116.67179,,n/a,,,,,,,,,,
SG,5,SG5,n/a,52,33.97742,-116.67179,,n/a,,,,,,,,,,
SG,5,SG5,n/a,61,33.97739,-116.67181,,n/a,,,,,,,,,,
SG,5,SG5,n/a,71,33.97743,-116.67172,,n/a,,,,,,,,,,
SG,5,SG5,n/a,72,33.97741,-116.67181,,n/a,,,,,,,,,,
SG,5,SG5,n/a,81,33.97741,-116.67185,,n/a,,,,,,,,,,
SG,50,SG50,27 (2),71,33.9775,-116.67211,,"notes unclear on which toes lost. Loc and stats mismatch with 13T27
9, 1, 4, 10
Previous  T27 is gender, size, and location mismatch",4.4,136,56,f,n,1,,o.bl,,
SG,50,SG50,27 (2),72,33.97751,-116.67205,,n/a,,,,,,,,,,
SG,50,SG50,27 (2),92,33.9776,-116.67182,N,"23 meters from other obs., coord from 056?",,,,,,,,,,1
SG,51,SG51,92,72,33.97739,-116.67164,,"verified loc, stats indicate large growth., no photos",2.7,115,43,m,n,n/a,y,o.bl,,
SG,510,SG510,n/a,42,33.9776,-116.67188,,n/a,3.5,114,46,f,y,n/a,,o.bk,,
SG,510,SG510,n/a,51,33.97762,-116.67188,,n/a,,,,,,,,,tag 510,
SG,510,SG510,n/a,51,33.97759,-116.67173,,14 meters from other obs,,,,,,,,,,
SG,510,SG510,n/a,52,33.97761,-116.6719,,n/a,,,,,,,,,,
SG,510,SG510,n/a,61,33.97759,-116.67188,,n/a,,,,,,,,,,
SG,510,SG510,n/a,62,33.97763,-116.67189,,n/a,,,,,,,,,,
SG,510,SG510,n/a,71,33.97759,-116.6719,,n/a,,,,,,,,,,
SG,510,SG510,n/a,72,33.97761,-116.67191,,n/a,,,,,,,,,,
SG,52,SG52,n/a,72,33.9775,-116.67199,,n/a,1.6,107,37,m,n,n/a,,o.bl,,
SG,53,SG53,X (2),72,33.97731,-116.67175,,"stats mismatch with 003, 13T600X, concurrent with 13T600X, 064, 025",1.5,89,36,f,n, n/a,,o.bl,,
SG,53,SG53,X (2),81,33.97734,-116.67178,,n/a,,,,,,,,,,
SG,53,SG53,X (2),91,33.97734,-116.67178,,n/a,,,,,,,,,,1
SG,53,SG53,X (2),92,33.97736,-116.67178,,n/a,,,,,,,,,,1
SG,53,SG53,X (2),101,33.9773,-116.67186,,n/a,,,,,,,,,,1
SG,53,SG53,X (2),102,33.97733,-116.67185,,n/a,,,,,,,,,,1
SG,54,SG54,74,81,33.97726,-116.67171,,"verified stats, loc",5.3,147,51,m,n,n/a,n,y.bl,,
SG,54,SG54,74,91,n/a,n/a,,"retagged, but no toes recorded missing (assumed that no one checked).",4.5,65,52,m,y,n/a,na,n/a,"tail gone, tag needed to be replaced",1
SG,54,SG54,74,91,33.97733,-116.6717,,n/a,,,,,,,,,,1
SG,54,SG54,74,92,33.9771,-116.67184,N,22 meters from other obs. Accuracy errors?,,,,,,,,,,1
SG,55,SG55,n/a,81,33.9775,-116.67206,,n/a,3.7,127,47,f,n,2,,y.bl,,
SG,55,SG55,n/a,91,33.9775,-116.67204,,n/a,,,,,,,,,,1
SG,55,SG55,n/a,91,33.97751,-116.67204,,n/a,,,,,,,,,,1
SG,55,SG55,n/a,92,33.97751,-116.67204,,n/a,,,,,,,,,,1
SG,56,SG56,n/a,81,33.97752,-116.672,,18 meters from other obs,4.9,141,50,m,n,n/a,,y.bl,,
SG,56,SG56,n/a,92,33.9776,-116.67182,,n/a,,,,,,,,,,1
SG,56,SG56,n/a,101,33.97752,-116.67179,,n/a,,,,,,,,,,1
SG,56,SG56,n/a,102,33.97764,-116.67176,,n/a,,,,,,,,,,1
SG,6,SG6,n/a,41,33.97757,-116.67178,,n/a,5.2,116,50,f,y,0,,y.,,
SG,6,SG6,n/a,42,n/a,n/a,,n/a,,,,,,,,,,
SG,6,SG6,n/a,51,33.97759,-116.67181,,n/a,,,,,,,,,,
SG,6,SG6,n/a,52,33.97761,-116.67178,,n/a,,,,,,,,,,
SG,6,SG6,n/a,61,33.9776,-116.67181,,n/a,,,,,,,,,,
SG,6,SG6,n/a,62,33.97762,-116.67178,,n/a,,,,,,,,,,
SG,6,SG6,n/a,71,33.97797,-116.67181,N,40 meters from other observations,,,,,,,,,,
SG,6,SG6,n/a,72,33.97758,-116.67185,,n/a,,,,,,,,,,
SG,60,SG60,n/a,81,33.97753,-116.67205,,n/a,5.7,117,54,m,y,n/a,,y.bl,tick,
SG,60,SG60,n/a,91,33.97751,-116.67204,,n/a,,,,,,,,,,1
SG,60,SG60,n/a,91,33.9775,-116.67202,,n/a,,,,,,,,,,1
SG,60,SG60,n/a,92,33.97759,-116.67201,,n/a,,,,,,,,,,1
SG,60,SG60,n/a,101,33.97752,-116.67211,,n/a,,,,,,,,,,1
SG,60,SG60,n/a,102,33.97754,-116.67216,,n/a,,,,,,,,,,1
SG,61,SG61,n/a,81,33.97761,-116.67165,,n/a,4.7,137,50,m,n,n/a,,y.bl,,
SG,61,SG61,n/a,101,33.97766,-116.67162,,n/a,,,,,,,,,,1
SG,62,SG62,n/a,81,33.9776,-116.67175,,n/a,4.3,138,49,m,n,n/a,,o.bl,,
SG,62,SG62,n/a,92,33.97744,-116.67178,,n/a,,,,,,,,,,1
SG,62,SG62,n/a,92,33.97738,-116.67169,,n/a,,,,,,,,,,1
SG,62,SG62,n/a,101,33.97747,-116.67188,,n/a,,,,,,,,,,1
SG,62,SG62,n/a,102,33.97746,-116.67175,,n/a,,,,,,,,,,1
SG,63,SG63,n/a,81,33.97753,-116.67206,Y,"coordinate errors on sheet, fixed on database",4,120,50,f,y,2,,o.g,tick,
SG,64,SG64,LX,81,33.97763,-116.67172,,"stats mismatch with 003, 13T600X, 14TLYXRY, concurrent with 053, 025",3,122,45,f,n,2,,o.bl,,
SG,64,SG64,LX,102,33.97769,-116.67193,,moved 20 meters,,,,,,,,,,1
SG,65,SG65,n/a,81,33.97733,-116.67186,,n/a,3.9,132,49,m,n,n/a,,o.bl,,
SG,65,SG65,n/a,91,33.97737,-116.67178,,n/a,,,,,,,,,,1
SG,65,SG65,n/a,92,33.97733,-116.67189,,n/a,,,,,,,,,,1
SG,65,SG65,n/a,102,33.97737,-116.67176,,n/a,,,,,,,,,,1
SG,66,SG66,n/a,81,33.97738,-116.67175,,n/a,3.4,123,45,f,n,1,,o.bl,tick,
WW,0,WW0,n/a,41,33.93861,-116.64057,,n/a,2.3,123,43,f,n,0,,o.bl,,
WW,0,WW0,n/a,52,33.93856,-116.64064,,n/a,,,,,,,,,,
WW,0,WW0,n/a,62,n/a,n/a,,n/a,,,,,,,,,,
WW,0,WW0,n/a,71,33.93866,-116.64055,,n/a,,,,,,,,,,
WW,0,WW0,n/a,72,33.93858,-116.64056,,n/a,,,,,,,,,,
WW,1,WW1,n/a,41,33.93841,-116.64036,,n/a,2.4,128,46,f,n,0,,y.bl,,
WW,10,WW10,4 (4),42,33.93869,-116.64058,,"location, gender, and photo mismatches with other T4's",4.1,146,49,m,n,n/a,,y.bl,,
WW,10,WW10,4 (4),52,33.93881,-116.64061,,n/a,,,,,,,,,,
WW,10,WW10,4 (4),62,n/a,n/a,,n/a,,,,,,,,,,
WW,10,WW10,4 (4),63,33.93848,-116.64052,,25 meters from other obs.,,,,,,,,,,
WW,10,WW10,4 (4),71,33.93871,-116.64053,,n/a,,,,,,,,,,
WW,10,WW10,4 (4),72,33.93878,-116.6405,,n/a, ,,,,,,,,,
WW,11,WW11,n/a,42,33.93853,-116.64062,,n/a,2.4,115,47,f,n,0,,o.g,,
WW,11,WW11,n/a,62,n/a,n/a,,n/a,,,,,,,,,,
WW,11,WW11,n/a,91,33.93866,-116.64066,,n/a,,,,,,,,,,
WW,12,WW12,n/a,51,33.93858,-116.64052,,37 meters from other observations,2.6,124,44,f,n,0,,o.bl,,
WW,12,WW12,n/a,52,33.93826,-116.6406,,n/a,,,,,,,,,,
WW,12,WW12,n/a,63,33.93822,-116.64056,,n/a,,,,,,,,,,
WW,12,WW12,n/a,71,33.93821,-116.64059,,n/a,,,,,,,,,,
WW,13,WW13,500X,51,33.93867,-116.64024,,21 meters from other obs.,3.9,144,47,m,y,n/a,,o.bl,,
WW,13,WW13,500X,102,33.93877,-116.64044,,n/a,,,,,,,,,,
WW,13T01,WW13T01,1,11,33.93865,-116.6404,,n/a,3.2,120,46,f,y,n/a,,y.bl,,
WW,13T01,WW13T01,1,12,33.93864,-116.6403,,n/a,,,,,,,,,,
WW,13T01,WW13T01,1,22,33.93867,-116.64032,,n/a,,,,,,,,,,
WW,13T02,WW13T02,2,11,33.93862,-116.64069,,n/a,4,122,48,m,y,n/a,,n/a,,
WW,13T02,WW13T02,2,21,n/a,n/a,,n/a,,,,,,,,,,
WW,13T02,WW13T02,2,22,33.93866,-116.64063,,n/a,,,,,,,,,,
WW,13T03,WW13T03,3,11,33.93848,-116.64059,,n/a,3.4,136,47,f,n,n/a,,n/a,,
WW,13T03,WW13T03,3,12,33.93858,-116.64066,,n/a,,,,,,,,,,
WW,13T03,WW13T03,3,21,33.93856,-116.64064,,n/a,,,,,,,,,,
WW,13T03,WW13T03,3,22,33.93853,-116.64062,,n/a,,,,,,,,,,
WW,13T04,WW13T04,4,11,33.93853,-116.64032,,"location, gender, and photo mismatches with other T4's",4.3,139,50,m,y,n/a,,n/a,"Two 4's later tagged, 1 with injury, 1 with gender mismatch. Neither in correct location",
WW,13T04,WW13T04,4,22,33.93851,-116.64037,,n/a,,,,,,,,,,
WW,13T05,WW13T05,5,11,33.93871,-116.64029,,19 meters from other obs.,4.7,137,50,m,y,n/a,,n/a,,
WW,13T05,WW13T05,5,21,33.93863,-116.64046,,n/a,,,,,,,,,,
WW,13T05,WW13T05,5,22,33.93859,-116.64046,,n/a,,,,,,,,,,
WW,13T06,WW13T06,6,12,33.93857,-116.6406,,n/a,4.3,134,48,m,n,n/a,,n/a,,
WW,13T07,WW13T07,7,12,33.93856,-116.64039,,n/a,4,108,48,m,y,n/a,,n/a,,
WW,13T07,WW13T07,7,21,33.9386,-116.64039,,n/a,,,,,,,,,,
WW,13T07,WW13T07,7,31,33.9385,-116.6404,,"verified photo, stats, loc",4.5,111,50,m,y,n/a,na,o.bl,not paint pen marked,1
WW,13T10,WW13T10,10,22,33.93875,-116.6406,,n/a,2.7,104,46,f,y,n/a,,y.w,,
WW,13T11,WW13T11,11,22,33.93821,-116.6405,,26 meters from other T11 obs.,3.1,107,46,f,y,n/a,,o.w/bl,,
WW,13T13,WW13T13,13,31,33.93832,-116.64062,,n/a,3.3,123,45,f,n,1,,o.,not paint pen marked,
WW,13T14,WW13T14,14,31,n/a,n/a,,n/a,3.2,112,49,f,y,1,,o.bl,not paint pen marked,
WW,13T15,WW13T15,15,31,33.93841,-116.64042,,n/a,4.3,129,47,m,n,n/a,,y.bl,not paint pen marked,
WW,13T19,WW13T19,"10,7,2",31,33.93846,-116.64063,,n/a,4.6,131,51,m,y,n/a,,y.bl,not paint pen marked,
WW,14,WW14,8,12,33.93836,-116.64039,,n/a,4.2,129,46,m,y,n/a,na,n/a,,
WW,14,WW14,8,51,33.93837,-116.64041,,"verified by stats, loc",4.5,136,48,m,y,n/a,,o.bl,,
WW,14,WW14,8,61,33.93837,-116.64034,,n/a,,,,,,,,,,
WW,14,WW14,8,63,33.93838,-116.64031,,n/a,,,,,,,,,,
WW,14,WW14,8,72,33.93838,-116.64032,,n/a,,,,,,,,,,
WW,14,WW14,8,81,33.93833,-116.64031,,n/a,,,,,,,,,,
WW,15,WW15,11 (2),61,33.93855,-116.64049,,"Location, sex mismatch (1st ID gender unsure), no photo",4.4,136,48,m,n,n/a,,y.bl,,
WW,15,WW15,11 (2),62,n/a,n/a,,n/a,,,,,,,,,,
WW,15,WW15,11 (2),63,33.93845,-116.64034,,n/a,,,,,,,,,,
WW,15,WW15,11 (2),71,33.93862,-116.64037,,n/a,,,,,,,,,,
WW,15,WW15,11 (2),81,33.9384,-116.64035,,n/a,,,,,,,,,,
WW,15,WW15,11 (2),91,33.9385,-116.64041,,n/a,,,,,,,,,,
WW,15,WW15,11 (2),92,33.9385,-116.64048,,n/a,,,,,,,,,,
WW,15,WW15,11 (2),101,33.93846,-116.64026,,n/a,,,,,,,,,,
WW,16,WW16,n/a,61,33.93835,-116.64042,,24 meters from other obs,3.8,133,49,m,y,n/a,,y.bl,,
WW,16,WW16,n/a,62,n/a,n/a,,n/a,,,,,,,,,,
WW,16,WW16,n/a,63,33.93834,-116.64069,,n/a,,,,,,,,,,
WW,16,WW16,n/a,81,33.93837,-116.64069,,n/a,,,,,,,,,,
WW,16,WW16,n/a,91,33.93821,-116.64057,,18 meters from other obs,,,,,,,,,,
WW,16,WW16,n/a,101,33.93835,-116.64069,,n/a,,,,,,,,,,
WW,16,WW16,n/a,102,33.93834,-116.64072,,n/a,,,,,,,,,,
WW,2,WW2,Y,31,33.9384,-116.64076,,17 meters from typical loc,4.4,144,49,m,n,n/a,n,o.bk,not paint pen marked,
WW,2,WW2,Y,41,33.93828,-116.64059,,"verified photos, stats",4.1,149,50,m,n,n/a,,y.bl,,
WW,2,WW2,Y,42,33.9384,-116.64057,,n/a,,,,,,,,,,
WW,2,WW2,Y,51,33.93838,-116.6405,,n/a,,,,,,,,,,
WW,2,WW2,Y,52,33.93871,-116.64057,,32 meters from 7/8 other obs,,,,,,,,,,
WW,2,WW2,Y,61,33.93871,-116.64055,,location match although number unsure. 32 meters from 7/8 other obs,,,,,,,,,,
WW,2,WW2,Y,71,33.93842,-116.64052,,n/a,,,,,,,,,,
WW,2,WW2,Y,81,33.93826,-116.64055,,n/a,,,,,,,,,,
WW,2,WW2,Y,92,33.93828,-116.64058,,n/a,,,,,,,,,,
WW,20,WW20,n/a,61,33.93851,-116.6403,,n/a,4,151,50,m,n,n/a,,y.bl,,
WW,20,WW20,n/a,71,33.9386,-116.64036,,12 meters from other ob,,,,,,,,,,
WW,21,WW21,n/a,63,33.93858,-116.64042,,n/a,2.9,117,46,f,y,0,,y.bl,,
WW,21,WW21,n/a,71,33.93855,-116.64037,,n/a,,,,,,,,,,
WW,21,WW21,n/a,81,33.93854,-116.64034,,n/a,,,,,,,,,,
WW,21,WW21,n/a,91,33.93859,-116.64038,,n/a,,,,,,,,,,
WW,21,WW21,n/a,92,33.93858,-116.64038,,n/a,,,,,,,,,,
WW,21,WW21,n/a,102,33.93853,-116.64028,,n/a,,,,,,,,,,
WW,22,WW22,n/a,71,33.93833,-116.64056,,n/a,3.6,113,51,f,y,1,,y.bl,,
WW,22,WW22,n/a,72,33.93843,-116.64058,,n/a,,,,,,,,,,
WW,22,WW22,n/a,81,33.93841,-116.64055,,n/a,,,,,,,,,,
WW,22,WW22,n/a,92,33.93838,-116.64053,,n/a,,,,,,,,,,
WW,22,WW22,n/a,101,33.93841,-116.64057,,n/a,,,,,,,,,,
WW,22,WW22,n/a,102,33.93829,-116.64052,,n/a,,,,,,,,,,
WW,24,WW24,n/a,72,33.93838,-116.64032,,n/a,4.6,126,50,m,y,n/a,,o.bl,,
WW,25,WW25,n/a,81,33.93856,-116.64056,,n/a,4.3,126,50,m,y,n/a,,o.bk,,
WW,25,WW25,n/a,101,33.93849,-116.6405,,n/a,,,,,,,,,,
WW,25,WW25,n/a,102,33.93859,-116.64049,,n/a,,,,,,,,,,
WW,26,WW26,n/a,81,33.93874,-116.64056,,n/a,5.1,135,53,f,n,1,,y.bl,,
WW,26,WW26,n/a,91,33.93868,-116.64054,,n/a,,,,,,,,,,
WW,26,WW26,n/a,92,33.93872,-116.64053,,n/a,,,,,,,,,,
WW,26,WW26,n/a,101,33.93872,-116.64062,,n/a,,,,,,,,,,
WW,3,WW3,16,31,33.9383,-116.64038,,n/a,3.7,121,48,m,y,n/a,y,y.bl,not paint pen marked,
WW,3,WW3,16,41,33.93843,-116.64056,,"verified photos, 13 meters from other obs.",4.6,128,48,m,y,n/a,,y.bl,,
WW,3,WW3,16,61,33.93836,-116.64042,,n/a,,,,,,,,,,
WW,3,WW3,16,61,33.93836,-116.64042,,n/a,,,,,,,,,,
WW,3,WW3,16,62,n/a,n/a,,n/a,,,,,,,,,,
WW,3,WW3,16,63,33.93827,-116.64043,,n/a,,,,,,,,,,
WW,3,WW3,16,71,33.93829,-116.64044,,n/a,,,,,,,,,,
WW,3,WW3,16,72,33.93834,-116.64041,,n/a,,,,,,,,,,
WW,3,WW3,16,81,33.93837,-116.64042,,n/a,,,,,,,,,,
WW,3,WW3,16,81,33.93831,-116.64037,,n/a,,,,,,,,,,
WW,3,WW3,16,91,33.93833,-116.64041,,n/a,,,,,,,,,,
WW,3,WW3,16,92,33.93835,-116.64046,,n/a,,,,,,,,,,
WW,30,WW30,n/a,81,33.93868,-116.64053,,n/a,5.1,133,53,m,y,n/a,,y.k,,
WW,30,WW30,n/a,91,33.93875,-116.64054,,n/a,,,,,,,,,,
WW,30,WW30,n/a,101,33.93869,-116.64065,,n/a,,,,,,,,,,
WW,31,WW31,n/a,81,33.93853,-116.64062,,n/a,5.5,121,51,m,y,n/a,,o.bl,,
WW,32,WW32,n/a,81,33.93867,-116.64055,,n/a,4.3,117,46,f,y,0,,o.bk,,
WW,32,WW32,n/a,91,33.93866,-116.64052,,"34 meters from other 033 obs, assumed that 032 was actually 033.",,,,,,,,,,
WW,33,WW33,n/a,91,33.93827,-116.64053,,n/a,4.4,150,52,m,n,n/a,,y.bl,,
WW,33,WW33,n/a,92,33.93825,-116.64055,,n/a,,,,,,,,,,
WW,33,WW33,n/a,102,33.93823,-116.64037,,n/a,,,,,,,,,,
WW,34,WW34,4 (3),91,33.93859,-116.6405,,"location, gender, and photo mismatches with other T4's",5,156,54,m,n,n/a,,y.bl,,
WW,35,WW35,n/a,92,33.93843,-116.64033,,n/a,3.3,132,51,f,n,1,,y.bk,,
WW,35,WW35,n/a,92,33.93843,-116.64035,,n/a,,,,,,,,,,
WW,36,WW36,"40,70,20",92,33.93825,-116.64061,,n/a,5.3,144,52,m,y,n/a,,y.bl,,
WW,36,WW36,"40,70,20",102,33.93821,-116.6405,,"unsure last number (6?), location match",,,,,,,,,,
WW,4,WW4,4 (2),41,33.93859,-116.64072,,"location, gender, and photo mismatches with other T4's",2.3,128,45,f,n,1,,o.bl,,
WW,4,WW4,4 (2),42,33.93865,-116.64082,,n/a,,,,,,,,,,
WW,4,WW4,4 (2),51,33.93866,-116.64085,,n/a,,,,,,,,,,
WW,4,WW4,4 (2),52,33.93855,-116.6408,,n/a,,,,,,,,,,
WW,40,WW40,n/a,101,33.93844,-116.64055,,n/a,3,119,48,f,y,n/a,,o.w,,
WW,5,WW5,7XL,41,33.93855,-116.64037,,n/a,4.3,112,51,m,y,n/a,,o.bl,,
WW,5,WW5,7XL,42,33.93851,-116.64037,,n/a,,,,,,,,,,
WW,6,WW6,n/a,41,33.93843,-116.64077,,n/a,2.8,127,45,f,n,1,,o.g,,
WW,6,WW6,n/a,42,33.93847,-116.64082,,n/a,,,,,,,,,,
WW,6,WW6,n/a,62,n/a,n/a,,n/a,,,,,,,,,,
WW,6,WW6,n/a,63,33.93841,-116.64081,,n/a,,,,,,,,,,
WW,6,WW6,n/a,71,33.9384,-116.64078,,n/a,,,,,,,,,,
WW,6,WW6,n/a,72,33.93845,-116.64082,,n/a,,,,,,,,,,
