Date,Site,Period,Session,OBS,AirS,AirE,Sub.OS,Sub.CS,Sub.RS,Sub.OE,Sub.CE,Sub.RE,MaxSbst,ZGroupMaxSbst,ZMaxSbst,TimeS,TimeE,TimeS,TimeE,log,Type,SurveyTime,ZGroupSurveyTime,ZSurveyTime,# surveyors,WindS,WindE,MaxWind,ZGroupWind,Zwind,RHS,RHE,MaxRH,ZGroupMaxRH,ZRH,CloudS,CloudE,TurbineS,TurbineE,#Lizards,Notes,Incidentals
7/26/13,DHS,1,1,JK,32.7,34.4,38.3,35.7,NA,36.2,34.7,37.7,38.3,-0.47,-1.05,15:30,18:23,15.50,18.38,0.46,PM,2.88,-0.27,-0.04,1,2.3,0.7,2.3,-0.8,-1.3,46.9,40.0,46.9,0.93,1.34,4,4,0.0,0.0,6,"raining in the rest of the valley, slight rain here. ","whiptail (1), uta (10)"
7/23/13,Dillon,1,1,JK,28.9,35.3,34.5,30.7,NA,43.7,29.0,NA,43.7,-0.13,-0.13,7:39,10:15,7.65,10.25,0.41,AM,2.60,0.18,-0.31,1,1.4,2.3,2.3,-1.4,-1.3,46.2,35.5,46.2,3.91,1.29,1,1,2.0,2.0,3,some turbines active at low speeds.,"whiptail (3), uta (20), leopard lizard (off plot) "
7/22/13,I-10,1,1,JK,33.6,29.9,NA,36.2,40.2,NA,27.0,25.5,40.2,-0.94,-0.72,15:00,19:47,15.00,19.78,0.68,PM,4.78,1.07,1.79,1,8.5,8.2,8.5,-0.5,-0.1,42.6,46.8,46.8,3.02,1.33,4,4,2.0,2.0,8,reminder to clean data of indiv greater than 15 meters from plot edge. Windy. ,"roadrunner (1, off plot), Raven (1, offplot)"
7/24/13,Mesa,1,1,JK,36.7,31.4,NA,NA,NA,NA,NA,NA,NA,NA,NA,16:23,19:00,16.38,19.00,0.42,PM,2.62,-0.68,-0.29,1,6.0,6.4,6.4,-0.5,-0.5,24.7,31.2,31.2,0.00,0.14,1,1,1.0,1.0,5,"Wind blowing stronger on west side of plot. Moved plot, tail twitching behavior and stopming, territorial or alarm response? ",Raven (1 off plot)
7/26/13,Mission,1,1,JK,30.4,28.3,31.5,29.5,NA,29.0,30.9,NA,31.5,-2.97,-2.21,10:15,13:04,10.25,13.07,0.45,AM,2.82,-0.31,-0.10,1,0.0,0.0,0.0,-1.9,-1.7,48.5,62.0,62.0,2.94,2.50,4,4,0.0,0.0,9,"rained in the am, soil still wet. Rain at the end of the day. Parasite scale on this page. ","redtail hawk (1 H), Whiptail (4), uta (12)"
7/29/13,MV,1,1,JK,26.8,33.4,24.7,25.2,24.5,38.2,32.7,34.5,38.2,-1.81,-1.07,7:30,9:43,7.50,9.72,0.35,AM,2.22,-0.13,-0.68,1,5.1,8.6,8.6,0.3,-0.1,23.7,14.4,23.7,-0.75,-0.43,1,1,5.0,5.0,4,none,raven (3)
8/2/13,SG,1,1,JK,25.6,33.1,35.0,24.7,26.7,57.9,33.4,44.2,57.9,2.81,2.30,8:10,12:30,8.17,12.50,0.64,AM,4.33,2.44,1.36,1,0.0,2.9,2.9,-2.1,-1.2,22.4,17.2,22.4,-1.95,-0.53,2,2,0.0,0.0,11,"Cow dammage, much worse since june in surrounding area ","Hawk (1), Cow (1, off site), deer (2 offsite), whiptail (2), spiny (1), uta (lots)."
7/30/13,WW,1,1,JK,35.9,31.3,50.0,40.2,46.0,30.7,32.7,31.5,50.0,0.77,0.95,17:15,19:40,17.25,19.67,0.38,PM,2.42,0.17,-0.49,1,6.2,5.3,6.2,-0.7,-0.5,26.2,31.6,31.6,0.90,0.17,1,1,4.0,4.0,5,"newbies attached noose, many ambiguous female morphs",whiptail (2)
7/27/13,DHS,1,2,JK,39.3,33.3,52.8,48.5,49.5,33.5,38.3,36.7,52.8,1.15,1.43,16:05,19:37,16.08,19.62,0.55,PM,3.53,0.38,0.59,1,3.0,2.8,3.0,-0.6,-1.1,24.4,31.4,31.4,-0.22,0.16,1,1,0.0,0.0,8,none,crow? (1)
7/24/13,Dillon,1,2,JK,28.8,34.0,26.8,NA,NA,NA,NA,NA,26.8,-2.61,-3.01,6:26,9:35,6.43,9.58,0.50,AM,3.15,0.86,0.22,1,0.7,5.6,5.6,-0.5,-0.7,41.6,35.0,41.6,3.19,0.94,1,1,3.5,3.5,8,none,"whiptail (3), uta (lots), raven (2)"
7/23/13,I-10,1,2,JK,36.4,35.6,42.7,30.5,NA,39.3,33.5,NA,42.7,-0.41,-0.30,13:10,18:19,13.17,18.32,0.71,PM,5.15,1.36,2.15,1,12.9,11.3,12.9,0.2,0.7,27.8,29.5,29.5,1.11,0.01,1,1,0.0,0.0,4,"search and first catch at 13:10, first temps 1600","whiptail (1), uta (14), red racer (1), raven (2)"
7/25/13,Mesa,1,2,JK,40.7,31.5,41.0,32.1,NA,31.5,31.3,NA,41.0,-1.13,-0.59,16:00,20:00,16.00,20.00,0.60,PM,4.00,1.59,1.04,1,4.4,3.0,4.4,-1.0,-0.9,18.1,30.8,30.8,-0.04,0.11,2,2,1.0,1.0,5,NONE,uta  (15)
7/27/13,Mission,1,2,JK,27.2,34.7,23.5,27.0,25.0,39.3,32.0,33.0,39.3,-1.34,-0.88,6:35,9:25,6.58,9.42,0.45,AM,2.83,-0.29,-0.08,1,0.8,0.8,0.8,-1.7,-1.5,53.7,36.5,53.7,2.10,1.86,4,4,0.0,0.0,10,Some lizards panting on rocks w mouth open. Rained last night ,"redtail hawk (1 H), whiptail (3)"
7/30/13,MV,1,2,JK,23.7,32.7,23.0,23.8,22.8,38.2,32.7,36.2,38.2,-1.81,-1.07,7:38,10:50,7.63,10.83,0.51,AM,3.20,1.85,0.27,1,5.2,8.9,8.9,0.4,0.0,45.0,27.1,45.0,0.66,1.20,1,1,4.0,4.0,7,none,"uta (12), raven (1)"
8/3/13,SG,1,2,JK,26.9,34.1,28.3,24.0,27.2,62.8,37.0,50.0,62.8,3.59,3.14,7:10,11:15,7.17,11.25,0.61,AM,4.08,2.05,1.12,1,1.8,1.9,1.9,-2.3,-1.3,9.0,13.1,13.1,-2.82,-1.25,1,1,0.0,0.0,14,blue polish pen,"Chuckar (H), uta (35)"
7/31/13,WW,1,2,JK,38.8,30.5,38.3,30.7,35.3,30.7,30.5,30.5,38.3,-1.36,-1.05,16:30,19:10,16.50,19.17,0.43,PM,2.67,0.54,-0.24,1,5.9,11.5,11.5,0.2,0.4,14.4,25.1,25.1,0.29,-0.33,1,1,4.0,4.0,5,none,"whiptail (1), uta (4)"
8/8/13,DHS,2,1,JK,34.5,34.3,41.3,33.7,37.7,35.8,34.5,38.5,41.3,-0.14,-0.54,17:18,18:36,17.30,18.60,0.11,PM,1.30,-1.87,-1.56,1,3.9,1.1,3.9,-0.4,-1.0,17.7,17.2,17.7,-1.24,-0.89,1,1,0.0,0.0,5,"fire in banning, smoke in valley. ATV tracks since last visit",shrike (1)
8/6/13,Dillon,2,1,JK,29.0,33.7,33.0,28.3,34.0,40.2,30.7,28.2,40.2,-0.65,-0.72,7:20,9:30,7.33,9.50,0.34,AM,2.17,-0.36,-0.73,1,2.5,5.7,5.7,-0.5,-0.6,20.1,10.4,20.1,-0.19,-0.71,1,1,2.0,2.0,5,substrate temps taken 30 min after start,"uta (13, 5 in plot), whiptail (1), coyote (1), leopard lizard (1) "
8/4/13,I-10,2,1, JK,27.9,35.6,32.2,29.3,28.8,46.5,35.2,40.2,46.5,0.41,0.35,8:00,11:20,8.00,11.33,0.52,AM,3.33,-0.06,0.40,1,10.5,8.3,10.5,-0.2,0.3,33.0,16.7,33.0,1.49,0.28,1,1,4.0,4.0,9,"Sun hits site at 7:00 am.  Touring dune buggy seen, after first spotting in July. turbines running in valley, not at mesa","uta (10), whiptail (1)"
8/3/13,Mesa,2,1,JK,35.5,30.1,47.2,40.3,37.5,33.7,32.7,37.2,47.2,0.18,0.47,15:15,18:55,15.25,18.92,0.56,PM,3.67,1.04,0.72,1,8.2,6.0,8.2,-0.2,-0.2,17.4,31.2,31.2,0.00,0.14,2,2,1.0,1.0,5,"temps higher than yesterday. Heavy rain the prev week, started taking temp data at the time of 1st capture to reflect activity. Turbines active at MV but not at mesa",uta (8)
8/6/13,Mission,2,1,JK,32.8,30.2,33.2,30.2,30.2,28.6,29.5,28.7,33.2,-2.62,-1.93,17:20,19:15,17.33,19.25,0.28,PM,1.92,-1.53,-0.97,1,5.1,5.3,5.3,-0.6,-0.7,19.7,20.1,20.1,-1.29,-0.71,1,1,0.0,0.0,8,"cars can still be heard from 29 palms highway, tiny red ants for lizards to eat! 3 cars on main road today",raven (1 off plot)
8/8/13,MV,2,1,JK,27.9,32.7,26.5,27.2,25.3,46.5,31.0,37.0,46.5,0.25,0.35,8:10,10:10,8.17,10.17,0.30,AM,2.00,-0.57,-0.89,1,10.2,12.7,12.7,1.3,0.7,17.2,13.7,17.2,-1.18,-0.93,1,1,4.0,4.0,6,some smoke sheltering sun. search started at 7:45,whiptail (1)
8/12/13,SG,2,1,JK,26.5,35.9,33.5,26.0,27.0,57.0,36.8,34.3,57.0,2.67,2.15,7:27,11:00,7.45,11.00,0.55,AM,3.55,1.22,0.61,1,0.0,3.0,3.0,-2.1,-1.1,29.3,23.6,29.3,-1.30,-0.01,1,1,0.0,0.0,19,"black pen, I lizards released at process station","Hawk (1 offplot), Desert spiny (2),  skink/juv whiptail (1), adult whiptail (1), raptor? (1), fox (fox)"
8/11/13,WW,2,1,JK,38.4,31.5,49.5,36.7,32.3,30.5,31.7,31.5,49.5,0.68,0.86,16:22,18:58,16.37,18.97,0.41,PM,2.60,0.45,-0.31,1,3.3,7.9,7.9,-0.4,-0.2,17.3,25.0,25.0,0.28,-0.33,1,1,3.0,3.0,5,one lizard concussed and died,"whiptail (2), raven (1 H), zebratail (1)"
8/9/13,DHS,2,2,JK,34.6,32.6,49.5,37.0,38.5,38.5,36.5,38.7,49.5,0.78,0.86,17:00,18:30,17.00,18.50,0.18,PM,1.50,-1.67,-1.37,1,3.2,2.9,3.2,-0.6,-1.1,20.1,17.6,20.1,-1.06,-0.71,1,1,0.0,0.0,2,search began 16:30,none
8/7/13,Dillon,2,2,JK,28.9,33.8,26.2,30.2,27.2,42.7,35.3,31.3,42.7,-0.28,-0.30,7:10,9:40,7.17,9.67,0.40,AM,2.50,0.05,-0.41,1,6.8,8.4,8.4,0.2,-0.1,14.5,11.2,14.5,-1.07,-1.14,2,1,3.0,3.0,5,none,"whiptail (2), uta (9)"
8/5/13,I-10,2,2,JK,36.3,32.4,42.7,35.8,41.5,29.5,32.5,32.0,42.7,-0.41,-0.30,17:15,19:13,17.25,19.22,0.29,PM,1.97,-1.13,-0.92,1,14.0,12.5,14.0,0.4,0.9,15.9,22.3,22.3,0.31,-0.54,1,1,5.0,5.0,4,"mesa off, other turbines full tilt. Someone shooting offsite. Smoke from beaumont blocked sun at 19:00","uta (10), whiptail (1), raven (1) "
8/4/13,Mesa,2,2,JK,34.9,28.6,42.5,37.7,39.0,29.5,28.3,29.5,42.5,-0.81,-0.33,17:00,19:45,17.00,19.75,0.44,PM,2.75,-0.46,-0.16,1,10.1,10.4,10.4,0.3,0.2,16.0,29.1,29.1,-0.22,-0.02,1,1,1.0,1.0,3,"turbines mh/h at other sites, low at mesa",uta (12)
8/7/13,Mission,2,2,JK,34.0,30.7,37.1,35.2,35.8,30.5,31.7,32.7,37.1,-1.80,-1.25,17:15,18:46,17.25,18.77,0.18,PM,1.52,-2.07,-1.35,1,9.3,11.0,11.0,0.7,0.3,11.4,15.1,15.1,-1.79,-1.09,1,1,0.0,0.0,7,fire to the south west,none
8/9/13,MV,2,2,JK,26.4,NA,31.3,30.2,33.3,NA,NA,NA,33.3,-3.03,-1.90,8:19,10:00,8.32,10.00,0.23,AM,1.68,-1.21,-1.19,1,10.6,10.7,10.7,0.8,0.3,22.0,14.6,22.0,-0.86,-0.56,1,1,4.0,4.0,6,"search started at 8:05, no end time/ estimated",whiptail (3)
8/13/13,SG,2,2,JK,26.4,33.7,28.7,26.2,26.2,50.0,28.7,27.3,50.0,1.55,0.95,7:14,10:39,7.23,10.65,0.53,AM,3.42,1.01,0.48,1,0.0,3.8,3.8,-2.0,-1.0,17.4,22.1,22.1,-1.97,-0.56,1,1,0.0,0.0,23,lizard foraging on cow poop. Leaped up to catch insect.,Roadrunner (1)
8/12/13,WW,2,2,JK,37.6,34.1,52.5,37.5,35.0,31.7,33.7,32.0,52.5,1.23,1.38,16:39,18:30,16.65,18.50,0.27,PM,1.85,-0.66,-1.03,1,3.5,6.6,6.6,-0.6,-0.5,16.6,21.5,21.5,-0.05,-0.60,1,1,4.0,4.0,8,prev amb temps not taken in shade,whiptail (1)
8/10/13,DHS,2,3,JK,26.0,NA,30.0,33.5,24.0,NA,NA,NA,33.5,-1.01,-1.87,NA,NA,NA,NA,NA,NA,NA,NA,NA,1,NA,NA,0.0,-1.5,-1.7,14.4,NA,14.4,-1.48,-1.15,1,1,0.0,0.0,2,"sun behind hill 18:30, times estimated",uta (6)
8/6/13,I-10,2,3,JK,NA,NA,NA,NA,NA,NA,NA,NA,NA,NA,NA,10:00,11:00,10.00,11.00,0.00,AM,1.00,-1.88,-1.85,1,11.0,NA,11.0,-0.1,0.3,NA,NA,NA,NA,NA,1,1,NA,NA,NA,None,Hawk (1)
8/5/13,Mesa,2,3,JK,NA,NA,31.5,28.2,29.3,50.0,31.5,35.8,50.0,0.78,0.95,8:10,11:00,8.17,11.00,0.45,AM,2.83,-0.32,-0.08,1,3.2,2.0,3.2,-1.2,-1.1,21.3,11.3,21.3,-1.04,-0.62,1,1,1.0,1.0,9,"no turbine activitity at mesa, mh other sites","whiptail (2), raven (2)"
3/18/14,Dillon,3,1,"JK, JM",21.2,25.2,28.7,20.8,27.3,43.5,29.6,37.3,43.5,-0.16,-0.16,10:30,13:30,10.50,13.50,0.48,AM,3.00,0.67,0.08,2,9.2,5.0,9.2,0.4,0.0,10.7,9.0,10.7,-1.66,-1.43,1,1,5.0,5.0,3,"very indy morning, lizards slow to emergy. High elevation clouds, lizards spending much of day in middens/creosote. Many with dark speckled bellies relative to other sites.","shrike (2), whiptail (1+ off plot), whiptail (2+) "
3/16/14,I-10,3,1,"JK, JM",24.6,29.9,22.7,16.1,26.9,45.5,24.5,34.3,45.5,0.20,0.18,8:40,11:50,8.67,11.83,0.50,AM,3.17,-0.19,0.24,2,1.4,4.4,4.4,-1.2,-0.9,14.3,11.1,14.3,-0.57,-1.15,1,1,3.0,3.0,4,"flags degraded or absent, reset plot and took coordinates","raven (5), whiptail (1)"
3/19/14,Mesa,3,1,"JK, JM",20.4,25.3,29.4,18.4,22.6,42.3,26.0,34.0,42.3,-0.86,-0.37,10:10,14:10,10.17,14.17,0.60,AM,4.00,1.59,1.04,2,6.5,4.5,6.5,-0.5,-0.5,12.0,12.3,12.3,-1.98,-1.31,1,1,1.0,1.0,7,"morning temps slow to warm up. Turbines faster in valley, lizards mustly under at 10:30, some notes on uta behaviors","redtail (1), raven (2+), red wren (1), whiptail (1)"
3/15/14,Mission,3,1,"JK, JM",23.0,27.1,25.0,15.3,25.8,34.2,25.4,32.5,34.2,-2.41,-1.75,8:30,16:53,8.50,16.88,0.92,AM,8.38,7.23,5.26,2,1.5,5.1,5.1,-0.7,-0.7,22.5,8.9,22.5,-1.05,-0.53,1,1,0.0,0.0,5,"marked w dots, no numbers. Lizards were active at 7:45 to 8:00, dirt road closes to site showed signs of use. Flags intact, orange flags were used to mark ibutton locations. Full cover sites were burrid in dirt and twigs beneath thick shrubs, many orange/black butterflis, dragonfly","whiptail (2), redtail hawk (1), deer scat (1-2 piles)"
3/17/14,MV,3,1,"JK, JM",25.5,28.6,30.7,22.1,27.0,48.3,27.6,37.3,48.3,0.69,0.66,9:15,12:20,9.25,12.33,0.49,AM,3.08,1.61,0.16,2,8.6,18.1,18.1,2.5,1.7,14.9,14.2,14.9,-1.33,-1.11,1,2,5.0,5.0,6,"males often seen with females, max wind 30.3, lizards seen eating largisih bug, 1 lizard attempted to evade capture by burrowing into litter. End clouds high altitude, thin",none
3/20/14,SG,3,1,"JK, JM",21.3,24.5,25.1,16.5,25.8,46.3,24.8,30.5,46.3,0.96,0.32,9:30,13:12,9.50,13.20,0.57,AM,3.70,1.45,0.75,2,2.8,5.4,5.4,-1.7,-0.7,15.2,12.5,15.2,-2.62,-1.09,2,3,0.0,0.0,15,"lizards out all day, clouds high elevation","desert spiny (1), whiptail (1), tarantula (1)"
3/21/14,WW,3,1,"JK, JM",18.5,22.8,31.0,17.8,25.2,41.2,24.2,32.7,41.2,-0.83,-0.55,9:43,13:35,9.72,13.58,0.59,AM,3.87,2.31,0.91,2,12.7,8.0,12.7,0.4,0.7,48.5,30.2,48.5,2.49,1.47,1,2,5.0,4.0,7,"no flooding since last year, replaced flags, high elev clouds start and end.",Raven (1 off plot)
6/1/14,DHS,4,1,"AG, JK, VS",29.0,34.0,26.0,24.5,27.5,52.0,34.0,45.5,52.0,1.06,1.29,7:20,10:30,7.33,10.50,0.50,AM,3.17,0.01,0.24,3,1.6,0.9,1.6,-1.0,-1.4,11.3,6.3,11.3,-1.71,-1.38,1,1,0.0,0.0,5,"veg is very dry, plant notes reverse","mockingbird (1 offplot), raven (2 off plot), whiptail (1)"
6/5/14,Dillon,4,1,"AG, JK, JM, VS",30.0,35.5,32.0,28.5,30.0,42.5,36.0,39.0,42.5,-0.31,-0.33,7:00,10:10,7.00,10.17,0.50,AM,3.17,0.88,0.24,4,14.3,17.1,17.1,2.5,1.5,14.3,12.8,14.3,-1.10,-1.15,1,1,3.5,3.5,4,JM and VS left to get buttons at 9:30. recent driving through normally unused roads on pplot for powerline maintainance. Most turbines running at moderate speeds,whiptail (1)
6/6/14,I-10,4,1,"AG, JK, JM, VS",35.5,27.5,43.0,37.0,37.5,28.5,28.0,28.0,43.0,-0.34,-0.25,16:05,19:31,16.08,19.52,0.54,PM,3.43,0.02,0.49,4,20.6,23.7,23.7,2.0,2.7,18.1,30.7,30.7,1.24,0.10,1,1,3.0,3.0,1,"18:00 to 18:45 all break to wait wind, few lizards, around 8 retreating adults, 1 hatch. Road regrated, annuals dried, shrubs very dried","whiptail (1), raven (1+)"
5/29/14,Mesa,4,1,"AG, JK, JM, VS",35.0,28.0,43.5,36.0,39.0,31.0,30.0,32.0,43.5,-0.60,-0.16,15:40,19:00,15.67,19.00,0.52,PM,3.33,0.49,0.40,4,6.8,7.2,7.2,-0.4,-0.4,22.5,29.6,29.6,-0.17,0.02,2,1,2.0,2.0,2,"began to use thermometer straight on ground, first lizard seen 15:10. ","whiptail (1+), rock wren (1+), raven (1)"
5/31/14,Mission,4,1,"AG, JK, JM, VS",34.5,30.5,43.5,37.0,40.7,32.5,32.0,31.5,43.5,-0.46,-0.16,16:30,18:50,16.50,18.83,0.37,PM,2.33,-0.97,-0.57,4,13.0,10.3,13.0,1.2,0.7,10.5,16.3,16.3,-1.67,-1.00,1,1,0.0,0.0,6,"many new brittlebrush seedlings, many new hatchlings.","whiptail (1+), Raven (1, off site)"
6/3/14,MV,4,1,"AG, JK, JM, VS",24.0,34.0,26.0,23.5,26.0,46.0,34.0,37.0,46.0,0.12,0.27,7:30,10:58,7.50,10.97,0.54,AM,3.47,2.38,0.53,4,17.8,10.8,17.8,2.4,1.6,20.6,9.7,20.6,-0.95,-0.67,1,1,5.0,5.0,7,"Most annual forbs dried. Lizards seen off plot at 7:15 emerge. Spiny off plot prev Thursday. Courtship behavior observed 8-9 am, male pursing female.","Whiptail (1+), Red racer (off plot)"
6/4/14,PH,4,1,"AG, JK, JM, VS",36.5,31.0,43.5,37.5,40.0,31.5,31.0,32.0,43.5,-0.11,-0.16,16:35,19:00,16.58,19.00,0.38,PM,2.42,-0.96,-0.49,4,12.7,18.2,18.2,2.0,1.7,7.5,13.1,13.1,-1.09,-1.25,1,1,4.5,4.5,9,"Evening shadow flicker inside plot. Lizards from shurbby sides of plots have more parasites? Noted that lizards 001, 002, 003 were tagged offplot and not used as part of PH sample","Raven (1), whiptail (1)"
5/30/14,SG,4,1,"AG, JK, JM, VS",30.0,35.5,30.5,28.5,34.0,55.0,36.0,42.5,55.0,2.35,1.80,8:30,12:47,8.50,12.78,0.63,AM,4.28,2.36,1.31,4,2.6,6.0,6.0,-1.6,-0.6,10.0,10.6,10.6,-3.06,-1.44,1,1,0.0,0.0,12,most annuals have died,"raven (H), spiny (3), snake shed (1), sayes phoebe (H, off plot), whiptail (1+, after survey)"
6/2/14,WW,4,1,"AG, JK, JM, VS",34.5,29.0,41.0,36.0,37.0,30.5,31.5,35.7,41.0,-0.87,-0.59,16:30,18:45,16.50,18.75,0.35,PM,2.25,-0.07,-0.65,4,8.5,3.6,8.5,-0.3,-0.1,19.5,15.7,19.5,-0.23,-0.76,2,2,4.0,4.0,7,"think, high altitude clouds. Area very dry. ","roadrunner (1 offplot), raven (flying S from plot)"
6/2/14,DHS,4,2,"AG, JK, JM",28.0,35.0,30.0,26.5,30.5,51.0,35.5,45.0,51.0,0.95,1.12,7:50,10:45,7.83,10.75,0.46,AM,2.92,-0.24,0.00,3,1.2,3.5,3.5,-0.5,-1.0,13.5,6.9,13.5,-1.55,-1.22,1,1,0.0,0.0,6,"hatchling obs at 7:40, cloud cover increased from 0 to 15%","Mockingbird (H, offplot)"
6/6/14,Dillon,4,2,"AS, JK, VS",28.5,33.5,29.5,27.5,29.0,42.0,34.0,37.5,42.0,-0.38,-0.42,6:45,10:00,6.75,10.00,0.51,AM,3.25,0.98,0.32,3,13.5,9.6,13.5,1.5,0.8,18.0,15.8,18.0,-0.52,-0.87,NA,NA,4.5,4.5,4,"JK continue solo at 9:30. started earlier than yesterday, adults seen at 7:10","whiptail (1), raven (2), raven (2 offplot)"
6/7/14,I-10,4,2,"AG, JM, JK, VS",35.0,31.0,40.0,36.5,37.5,31.5,31.0,31.5,40.0,-0.99,-0.76,16:30,19:10,16.50,19.17,0.43,PM,2.67,-0.58,-0.24,4,18.0,15.9,18.0,1.1,1.6,23.0,31.8,31.8,1.36,0.19,1,1,3.5,3.5,2,"continues to be windy, sun slightly up at closeout. 2-3 hatch seen but not retrieved. ",none
5/30/14,Mesa,4,2,"AG, JK, JM, VS",36.0,30.0,38.5,34.5,40.5,32.0,30.5,31.0,40.5,-1.24,-0.67,17:15,19:00,17.25,19.00,0.24,PM,1.75,-2.10,-1.13,4,8.3,5.6,8.3,-0.1,-0.2,14.9,23.3,23.3,-0.83,-0.47,1,1,2.0,2.0,3,"few lizards seen yesterday, after heavy cloud cover prior. Lizard seen at 17:00. set out pred models.",whiptail (1)
6/1/14,Mission,4,2,"AG, JK, JM, VS",36.0,30.5,46.0,39.0,41.0,32.0,32.0,33.0,46.0,0.06,0.27,15:50,19:00,15.83,19.00,0.50,PM,3.17,0.16,0.24,4,8.8,7.6,8.8,0.2,-0.1,9.1,16.1,16.1,-1.69,-1.02,1,1,0.0,0.0,8,hatchlings present. ,"tarantula hole (1), whiptail (1+)"
6/4/14,MV,4,2,"AG, JK, JM, VS",27.0,35.0,27.5,26.0,28.5,47.0,37.5,38.5,47.0,0.37,0.44,7:40,10:50,7.67,10.83,0.50,AM,3.17,1.78,0.24,4,7.5,12.5,12.5,1.2,0.6,11.8,10.5,11.8,-1.54,-1.35,1,1,4.0,4.0,14,cold overnight temps. Betterflies active 7:30 am,Whiptail (2+)
6/5/14,PH,4,2,"AG, JM, JK, VS",37.5,31.0,42.5,39.0,41.0,31.5,30.0,32.0,42.5,-0.34,-0.33,16:10,19:07,16.17,19.12,0.47,PM,2.95,-0.64,0.03,4,18.3,15.4,18.3,2.0,1.7,11.0,21.9,21.9,-0.42,-0.57,1,1,5.0,5.0,7,veg in decent condition relative to other sites. Eggs weight 0.5 - 1 grams?,whiptail (1)
5/31/14,SG,4,2,"AG, JK, JM, VS",28.0,31.0,31.5,28.5,30.0,49.5,32.0,41.5,49.5,1.47,0.86,7:45,12:00,7.75,12.00,0.63,AM,4.25,2.31,1.28,4,9.0,7.5,9.0,-1.0,0.0,6.9,12.5,12.5,-2.88,-1.29,1,1,0.0,0.0,17,uta observed eating large grasshopper,"cattle, speckled rattlesnake (1), whiptail (2+), spiny (1)"
6/3/14,WW,4,2,"AG, JK, JM, VS",31.0,32.0,45.5,38.5,40.5,33.5,33.5,33.5,45.5,-0.05,0.18,16:30,18:45,16.50,18.75,0.35,PM,2.25,-0.07,-0.65,4,12.4,9.2,12.4,0.3,0.6,9.0,11.9,11.9,-0.95,-1.34,1,1,0.0,0.0,7,none,"raven (1 off plot), C. mitchelenni (1), rock wren (2)"
6/20/14,I-10,4,3,"AG, AS, JK, VS",37.0,38.5,43.5,34.5,41.0,48.0,39.5,43.0,48.0,0.74,0.61,9:25,11:07,9.42,11.12,0.23,AM,1.70,-1.33,-1.18,4,2.7,10.3,10.3,-0.2,0.2,16.2,13.5,16.2,-0.36,-1.01,1,1,2.5,2.5,1,"survey to boost sample size at I-10, small amount of cloud cover, high elev",whiptail (1 off plot)
6/21/14,Mesa,4,3,"AG, JM, VS",31.0,35.5,33.0,29.5,35.0,41.0,35.0,38.0,41.0,-1.13,-0.59,8:40,11:03,8.67,11.05,0.38,AM,2.38,-1.06,-0.52,3,3.6,11.5,11.5,0.6,0.4,16.9,15.9,16.9,-1.50,-0.96,1,1,2.0,2.0,3,4 turbines on but spinning fast,whiptail (2+)
6/29/14,DHS,5,1,"AS, JK, VS",28,33.0,28.5,27.0,28.5,47.0,47.0,41.0,47.0,0.50,0.44,7:15,10:45,7.25,10.75,0.54,AM,3.50,0.35,0.56,3,1.0,2.9,2.9,-0.7,-1.2,38.0,32.0,38.0,0.27,0.66,1,1,0.0,0.0,6,"off road vehicle use in surrounding are, a lot of hatchlings this morning. Emerge 7:15, retreat 10:45","Burrowing owls (2, off plot), mockingbird (H), whiptail (1)"
7/2/14,Dillon,5,1,"JM, (VS)",28.5,36.5,29.5,28.5,28.0,50.0,34.5,42.0,50.0,0.79,0.95,6:44,10:20,6.73,10.33,0.56,AM,3.60,1.42,0.65,2,4.8,3.3,4.8,-0.7,-0.8,38.3,23.9,38.3,2.67,0.68,1,1,3.0,3.0,7,"VS on behavior, photos on Josh phone, emerge 6:45, retreat 10:20",whiptail (2+)
7/4/14,I-10,5,1,"AS, JK, JM",36.5,32.0,43.0,36.5,40.0,33.5,33.0,34.5,43.0,-0.34,-0.25,16:24,19:40,16.40,19.67,0.51,PM,3.27,-0.11,0.33,3,1.0,15.9,15.9,0.7,1.3,35.9,27.0,35.9,1.81,0.50,2,2,1.5,1.5,3,"some low elevation storm clouds, some high elevation clouds too, end mostly high elev clouds. JM behavior, storm building over mountains, little (intermittent) direct sun. All break 17:00 to 17:30. emerge 1800 to 1915 retreat ","whiptail (1), raven (1 off plot) Shrike (H offplot) "
6/26/14,Mesa,5,1,"AG, JK, JM, VS",32.0,30.0,35.5,35.5,34.5,34.5,31.0,31.5,35.5,-2.30,-1.53,15:14,18:15,15.23,18.25,0.48,PM,3.02,-0.02,0.09,4,8.6,14.9,14.9,1.3,1.1,29.9,32.1,32.1,0.10,0.21,4,3,2.0,2.0,6,"most captures around outside edge of plot. Clouds started low and ended high altitude. 4 turbines running very fast, the rest not so much. Emerge 15:14, reatreat 18:15","raven (1), rock wren (1, off plot), whiptail (1+)"
6/28/14,Mission,5,1,"AS, (JK), VS",37.0,NA,45.0,41.0,46.0,37.0,33.5,37.0,46.0,0.06,0.27,16:40,NA,16.67,#VALUE!,#VALUE!,PM,NA,NA,NA,3,5.5,9.2,9.2,0.3,0.0,25.6,29.2,29.2,-0.37,-0.01,1,1,0.0,0.0,6,lizards emerge 17:00 - 19:00. jk behavior,"redtail (H off plot), raven (H), Whiptail (1+)"
7/1/14,MV,5,1,"AS, JK, (VS)",30.0,36.0,34.0,30.0,31.0,44.5,36.5,40.5,44.5,-0.25,0.01,7:22,10:25,7.37,10.42,0.48,AM,3.05,1.54,0.12,3,5.9,7.2,7.2,0.0,-0.4,39.7,23.7,39.7,0.31,0.79,1,1,3.0,3.0,13,"Emerge 7:22, retreat 10:30. VS behavior.",none
7/2/14,PH,5,1,"(AS), JK, JM, VS",38.5,32.0,51.0,41.0,46.0,32.5,33.0,33.0,51.0,1.58,1.12,16:47,19:40,16.78,19.67,0.46,PM,2.88,-0.68,-0.04,4,14.6,16.7,16.7,1.7,1.4,20.0,30.4,30.4,0.23,0.08,1,1,4.5,4.5,11,"as behavior, most turbines running at high to moderate speed. Sund behind hill at end",whiptail (1+)
6/27/14,SG,5,1,"JK, JM, (VS)",23.5,30.0,26.5,22.5,25.0,39.0,29.0,37.5,39.0,-0.21,-0.93,7:10,11:20,7.17,11.33,0.62,AM,4.17,2.18,1.20,3,9.0,7.9,9.0,-1.0,0.0,37.9,31.2,37.9,-0.49,0.65,1,1,0.0,0.0,17,"vs on behavior, hatchling emerged first @ 7:00, lizards out by 7:15, retreat 11:25","rock wren (1). Rock wren (2 off plot), red tailed hawk (1+), whiptail (1)"
6/30/14,WW,5,1,"AS, JM, VS",40.0,32.0,47.0,41.5,48.0,34.0,33.5,33.0,48.0,0.40,0.61,16:30,19:25,16.50,19.42,0.46,PM,2.92,0.91,0.00,3,8.3,5.2,8.3,-0.3,-0.2,25.1,33.8,33.8,1.11,0.34,1,1,0.0,0.0,5,"emerge 18:50, retreat 19:40. JM behavior","whiptail (2+), raven (1 off plot), rock wren (1 before survey)"
6/30/14,DHS,5,2,"AS, (JM)",27.0,36.0,27.0,28.5,28.5,53.0,37.5,40.0,53.0,1.17,1.46,7:05,10:48,7.08,10.80,0.57,AM,3.72,0.57,0.77,2,0.8,1.0,1.0,-1.2,-1.5,48.1,19.2,48.1,1.02,1.43,1,1,0.0,0.0,3,JM to behavior ,Whiptail (2)
7/3/14,Dillon,5,2,"AS, JK, VS",29.0,35.5,30.0,28.5,30.5,52.5,39.5,48.0,52.5,1.16,1.38,6:50,10:15,6.83,10.25,0.53,AM,3.42,1.19,0.48,3,3.3,1.7,3.3,-1.1,-1.1,33.1,30.6,33.1,1.86,0.29,1,1,1.0,1.0,8,"jk behavior, lizards emerge pre 7:00, retreat 9:00/ 9:30",whiptail (2+)
7/5/14,I-10,5,2,"AS, JK, JM",37.5,33.5,45.5,38.0,42.0,33.5,33.0,34.0,45.5,0.20,0.18,17:32,19:50,17.53,19.83,0.36,PM,2.30,-0.87,-0.60,3,12.9,10.9,12.9,0.2,0.7,22.4,24.2,24.2,0.52,-0.40,1,1,3.0,3.0,6,"Jk behavior, most turbines running moderate speeds, despite large am louds, few high elev clouds remain at 17:30. emerge 17:45 to 19:10","whiptail (1+), raven (1)"
6/27/14,Mesa,5,2,"JK, JM, (VS)",33.0,26.0,43.0,37.0,38.5,30.5,29.0,29.5,43.0,-0.71,-0.25,15:44,18:55,15.73,18.92,0.50,PM,3.18,0.25,0.25,3,11.2,4.1,11.2,0.5,0.4,30.3,44.3,44.3,1.38,1.14,1,1,2.0,2.0,6,"vs behavior, lots of hatchlings around 1700, emerge 15:45 - 18:55",rock wren (1 in plot)
6/29/14,Mission,5,2,"AS, JK, MC, VS",37.0,33.5,45.1,43.0,47.0,34.5,33.0,35.5,47.0,0.27,0.44,16:30,19:30,16.50,19.50,0.48,PM,3.00,-0.07,0.08,4,3.3,1.8,3.3,-1.1,-1.1,24.1,27.4,27.4,-0.55,-0.15,1,1,0.0,0.0,8,"lizards emerge 18:48 - 18:55, all down by 19:30 (short sample period!). No direct sun end measures, sundown. End time estimated","Whiptail (1+), raven (H 1 +)"
7/2/14,MV,5,2,"(AS), JK",NA,NA,30.4,25.8,32.0,53.8,36.2,45.7,53.8,2.06,1.60,7:15,10:22,7.25,10.37,0.49,AM,3.12,1.68,0.19,2,4.0,3.0,4.0,-0.7,-1.0,NA,NA,NA,NA,NA,NA,NA,3.5,3.5,10,"Emerge 7:12 (hatchlings), retreat 10:06. Most lizards active 8-9. Temps taken with yellow kitchen thermometer. Most turbines running at moderate speeds. Lots of ant activity. Wind speed estimated","raven (over plot), whiptail (2+)"
7/3/14,PH,5,2,"AS, (JK), VS",42.5,35.4,49.5,43.7,46.0,35.3,35.1,35.8,49.5,1.24,0.86,17:22,19:48,17.37,19.80,0.39,PM,2.43,-0.95,-0.47,3,1.0,10.5,10.5,0.4,0.3,23.7,22.4,23.7,-0.28,-0.43,1,1,1.0,5.0,11,"subst temps done on kestrel. Sun behind hill for end temps, jk behavior.","Coyote/dog (1), whiptail (1)"
6/28/14,SG,5,2,"AS, (JK), VS",28.0,37.0,32.0,26.0,29.0,44.0,32.0,40.0,44.0,0.59,-0.07,7:25,11:07,7.42,11.12,0.57,AM,3.70,1.45,0.75,3,8.5,1.9,8.5,-1.1,-0.1,31.5,25.2,31.5,-1.09,0.16,1,1,0.0,0.0,19,"jk on behavior, veg way reduced, lots of insect activity today, emerge pre 7:30","rock wren(2 off plot), red tail? (off plot, call sounded dif), whiptail (2), road runner (H)"
7/1/14,WW,5,2,"AS, JM, VS",39.5,33.0,48.5,46.5,45.0,34.0,35.0,34.0,48.5,0.50,0.69,16:30,19:30,16.50,19.50,0.48,PM,3.00,1.04,0.08,3,13.6,12.5,13.6,0.5,0.8,17.4,31.4,31.4,0.88,0.16,1,1,0.0,0.0,5,"vs behavior. Emerge 16:30, retreat ?","whiptail (2+), raven (2+ offsite)"
7/6/14,I-10,5,3,"AS, JK, JM",29.0,35.5,32.5,28.5,30.5,43.5,34.5,38.5,43.5,-0.23,-0.16,7:20,9:58,7.33,9.97,0.42,AM,2.63,-0.61,-0.28,3,10.1,13.8,13.8,0.4,0.9,24.3,18.7,24.3,0.53,-0.39,1,1,1.5,1.5,8,"jk behavior. No clouds, some high clouds and storm clouds in distance though. Turbines mostly running at low speeds. Sun hit slot at 6:45ish","Cactus wren (1), shike (H), whiptail (1+)"
7/27/14,DHS,6,1,"AS, JK, JM, MC",25.5,33.0,29.5,29.0,28.5,35.0,37.5,38.5,38.5,-0.45,-1.01,6:55,10:35,6.92,10.58,0.56,AM,3.67,0.52,0.72,4,5.4,7.5,7.5,0.6,-0.3,28.1,44.0,44.0,0.71,1.12,4,4,0.0,0.0,6,"cloud cover consistent and sparse over the last 3 days. Foggy/dusty, blowing in from the SE","Whiptail (1), cactus wren (H), mockingbird (H), raven (2)"
7/31/14,Dillon,6,1,"AS, JK, VS",30.5,37.5,31.0,30.5,32.0,45.5,37.0,43.0,45.5,0.13,0.18,6:58,9:31,6.97,9.52,0.41,AM,2.55,0.11,-0.36,3,6.3,9.2,9.2,0.4,0.0,30.6,22.4,30.6,1.46,0.09,1,1,3.0,3.0,9,"2 dogs seen wandering e of plot, most turbines on moderate speed. Noticed that wind today was in KT","dogs (2), shrike (H), whiptail (1+),  juv leopard (1)"
8/1/14,I-10,6,1,"AS, MC, VS",39.5,35.0,50.0,42.5,47.5,35.5,36.0,36.0,50.0,1.17,0.95,16:58,20:00,16.97,20.00,0.48,PM,3.03,-0.29,0.11,3,6.9,13.4,13.4,0.3,0.8,30.0,21.7,30.0,1.16,0.05,2,1,0.0,0.0,3,partly cloudy but sun is still out.  Emerge 1800 to 2000,"whiptail (2+), shrike (H pre-trial)"
7/24/14,Mesa,6,1,"JK, JM, MC, VS",40.0,35.0,48.0,43.0,46.0,35.0,35.5,36.0,48.0,0.35,0.61,17:40,19:55,17.67,19.92,0.35,PM,2.25,-1.28,-0.65,4,5.0,5.6,5.6,-0.7,-0.7,13.3,21.7,21.7,-1.00,-0.59,1,1,1.5,1.5,10,Brush clearing near road since prev survey. Very hot. 1/2 turbines or less running ave speed mid dat. Started 40 min later than usual. A number of juvenile whiptails,whiptail (1+)
7/26/14,Mission,6,1,"AS, JK, JM, MC",36.5,33.5,40.5,38.0,38.0,34.5,34.5,34.0,40.5,-1.09,-0.67,17:10,19:15,17.17,19.25,0.32,PM,2.08,-1.31,-0.81,4,5.0,5.0,5.0,-0.7,-0.8,25.3,27.0,27.0,-0.59,-0.18,3,3,0.0,0.0,8,"emerge 17:00, retreat 19:15","whiptail (2+), roadrunner (H)"
7/29/14,MV,6,1,"JK, JM, MC, VS",28.5,37.5,35.0,27.0,30.0,47.0,37.0,38.0,47.0,0.37,0.44,6:52,9:56,6.87,9.93,0.49,AM,3.07,1.58,0.14,4,11.3,14.5,14.5,1.7,1.0,30.1,23.0,30.1,-0.32,0.06,1,1,3.0,3.0,13,"emerge 7:00, retreat 9:20. JK gone at ww until 9:00. Photos on jades cam",Whiptails (2+)
7/30/14,PH,6,1,"AS, (JK), VS",37.5,34.5,43.0,39.5,41.0,35.0,36.0,35.0,43.0,-0.23,-0.25,18:00,19:45,18.00,19.75,0.24,PM,1.75,-1.36,-1.13,3,12.3,10.2,12.3,0.8,0.6,20.8,21.6,21.6,-0.44,-0.60,1,1,5.0,5.0,10,Emerge 6:00 pm.,none
7/25/14,SG,6,1,"AS, JK, JM, MC",27.5,32.0,29.5,28.5,29.0,42.5,34.5,36.0,42.5,0.35,-0.33,7:20,12:10,7.33,12.17,0.68,AM,4.83,3.22,1.84,4,0.6,2.6,2.6,-2.2,-1.2,28.3,50.7,50.7,0.72,1.63,4,4,0.0,0.0,28,"yesterday was hot, extensive cloud cover today, low elev storm clouds over mountains, low activty in the am, cows at site (~4), began to drizzle lightly at 8:18","whiptail (1+), roadrunner (H), shrike (1)"
7/28/14,WW,6,1,"JK, JM, MC, VS",36.0,34.1,52.3,40.2,48.2,35.5,36.5,36.9,52.3,1.19,1.34,17:15,19:29,17.25,19.48,0.35,PM,2.23,-0.10,-0.66,4,6.1,4.6,6.1,-0.7,-0.6,20.2,4.6,20.2,-0.17,-0.70,1,1,3.0,3.0,3,1st sunny afernoon after 3 days of cloud cover nearby. Some sun in the AM,Raven (3)
7/28/14,DHS,6,2,"JM, JK, MC, VS",30.3,35.7,30.1,30.0,29.8,47.6,40.9,38.6,47.6,0.57,0.54,7:15,10:25,7.25,10.42,0.50,AM,3.17,0.01,0.24,4,0.6,3.4,3.4,-0.5,-1.1,34.7,23.5,34.7,0.02,0.41,4,4,0.0,0.0,10,"temps taken with kestel, cloud cover reduced to 60% around 10:00 am, emerge at 7:15, retreat 9:30","whiptails (1), coyote (1 offplot), raven (1 near car)"
8/1/14,Dillon,6,2,"AS, MC, VS",30.8,35.2,29.0,30.0,30.0,50.0,39.0,41.0,50.0,0.79,0.95,6:40,10:00,6.67,10.00,0.52,AM,3.33,1.09,0.40,3,1.6,5.7,5.7,-0.5,-0.6,30.2,41.4,41.4,3.16,0.92,1,1,1.0,2.0,8,one lizard toe clipped by not tagged,"whiptail (2+), leopard lizard (1)"
8/3/14,I-10,6,2,"JK, MC, VS",28.0,33.5,27.0,27.0,27.5,40.0,36.0,38.0,40.0,-0.99,-0.76,9:45,14:00,9.75,14.00,0.63,AM,4.25,0.66,1.28,3,2.1,3.2,3.2,-1.4,-1.1,52.7,40.4,52.7,3.67,1.79,4,4,0.0,0.0,20,"emerge 0900 to 1400 all lizards are fat following three days  of overcast and rainy conditions, a week of partially overcast conditions. Abundant flies and leaf hoppers. Stomachs very full, almost no direct sunlight on plot today","whiptail (2+), raven (1), road runner (1, eating lizard 150 m east off plot)"
7/25/14,Mesa,6,2,"AS, JK, JM, MC",32.0,36.3,32.5,32.0,33.0,38.0,36.0,38.0,38.0,-1.77,-1.10,15:05,18:30,15.08,18.50,0.53,PM,3.42,0.63,0.48,4,0.9,4.3,4.3,-1.0,-0.9,43.6,19.3,43.6,1.30,1.09,4,1,1.0,3.0,11,"lots of cloud cover, some prinkling here, more rain in valley. Break 16:45 to 17:30 all.","whiptail (1+), raven (1, near plot), kestrel (H off plot)."
7/27/14,Mission,6,2,"AS, JK, JM, MC",35.5,31.5,40.5,37.0,39.0,32.5,32.0,33.5,40.5,-1.09,-0.67,15:55,19:05,15.92,19.08,0.50,PM,3.17,0.16,0.24,4,2.5,4.6,4.6,-0.8,-0.8,32.3,34.5,34.5,0.16,0.39,4,4,0.0,0.0,12,"3rd day of continuous cloud cover, storm clouds near the mountains",none
7/30/14,MV,6,2,"AS, JK, VS",30.0,38.0,29.5,28.5,30.5,51.0,37.5,39.0,51.0,1.36,1.12,7:05,10:05,7.08,10.08,0.48,AM,3.00,1.44,0.08,3,10.1,11.8,11.8,1.0,0.5,30.1,19.4,30.1,-0.32,0.06,1,1,3.5,4.0,15,"emerge 7:00, smoke/dust/fog screening sun, lizards wake up late. Most turbines runine at moderate speeds",none
7/31/14,PH,6,2,"AS, JK, VS",43.0,35.5,53.0,42.0,48.0,36.0,37.0,37.5,53.0,2.03,1.46,17:00,19:59,17.00,19.98,0.47,PM,2.98,-0.62,0.06,3,7.3,10.1,10.1,0.3,0.2,17.8,23.2,23.2,-0.32,-0.47,3,1,5.0,5.0,12,"some smoke/dust building in SE from Indio area. Possible recent mammal ativity near site process station, den not deep but tortoise sized, yet taller, under creosote. Sparse/thin clouds that are concentrated overhead, but not blocking sun. Most turbines running at high speeds.","Whiptail (1+), raven (1)"
7/26/14,SG,6,2,"AS, JK, JM, MC",28.0,33.0,31.5,27.5,34.0,49.0,33.5,43.0,49.0,1.39,0.78,7:30,11:00,7.50,11.00,0.54,AM,3.50,1.14,0.56,4,1.5,3.0,3.0,-2.1,-1.1,NA,NA,NA,NA,NA,1,3,0.0,0.0,36,"forgot kestrel, estimated values. Clouds thin, spotty cover mostly towards end of survey, emergy 7:00 retreat 10:45","spiny (2), whiptail (2+), shrike (H), rock wren (H)"
7/29/14,WW,6,2,"JK, JM, MC, VS",40.0,35.5,48.0,41.5,45.0,39.0,38.5,37.0,48.0,0.40,0.61,16:25,18:35,16.42,18.58,0.34,PM,2.17,-0.19,-0.73,4,4.5,9.7,9.7,-0.1,0.1,17.6,20.2,20.2,-0.17,-0.70,3,3,0.0,0.0,8,"sunny afternoon, cloud cover moved in around 2 pm. Clouds heavy coverage but thin.","Uta (9), whiptai (1+), Raven (H offplot)"
7/29/14,WW,6,3,JK,NA,NA,NA,NA,NA,NA,NA,NA,NA,NA,NA,7:25,8:30,7.42,8.50,0.03,AM,1.08,-1.79,-1.77,1,NA,NA,NA,NA,NA,NA,NA,NA,NA,NA,NA,NA,NA,NA,7,"recaps only, times estimated",
8/17/14,DHS,7,1,"AS, JK, MC",27.0,36.0,25.0,27.0,26.0,49.0,39.5,43.0,49.0,0.72,0.78,7:05,9:00,7.08,9.00,0.28,AM,1.92,-1.25,-0.97,3,1.5,2.0,2.0,-0.9,-1.3,32.2,19.6,32.2,-0.16,0.22,1,1,0.0,0.0,11,"emergy @ 7:50, sun at 7:20","whiptail (2+), shrike (H)"
8/21/14,Dillon,7,1,JK,23.5,32.5,23.0,23.0,28.5,40.5,32.5,39.0,40.5,-0.60,-0.67,7:00,10:15,7.00,10.25,0.51,AM,3.25,0.98,0.32,1,1.0,3.0,3.0,-1.2,-1.1,NA,NA,NA,NA,NA,1,4,1.0,2.5,7,"rock start temp taken late, 7:40. No kestrel","whiptail (2+), leopard lizard (1 juv)"
8/22/14,I-10,7,1,"AS, MC",23.0,32.0,25.5,24.0,25.5,43.5,32.5,37.0,43.5,-0.23,-0.16,7:30,10:30,7.50,10.50,0.48,AM,3.00,-0.32,0.08,2,2.9,3.9,3.9,-1.3,-1.0,69.2,45.0,69.2,5.49,3.05,1,1,0.0,0.0,12,"evident errosion following recent flooding, heavy winds today.",whiptail (3+)
8/14/14,Mesa,7,1,"AS, JK, VS",37.0,29.0,44.0,38.0,42.0,28.5,32.0,31.0,44.0,-0.50,-0.07,16:50,19:20,16.83,19.33,0.40,PM,2.50,-0.87,-0.41,3,7.6,7.7,7.7,-0.3,-0.3,11.6,26.1,26.1,-0.53,-0.25,1,1,2.0,2.0,7,"lots of veg/ downed material have been cleared, either manually or more likely as a result of recent flooding. Heavy termite activity",rock wren (1 off plot)
8/16/14,Mission,7,1,"JK, MC, VS",37.5,34.0,48.5,39.0,45.5,33.5,33.0,37.0,48.5,0.58,0.69,16:59,19:04,16.98,19.07,0.32,PM,2.08,-1.31,-0.81,3,9.5,8.5,9.5,0.4,0.1,20.3,23.2,23.2,-0.98,-0.47,1,1,0.0,0.0,6,ground more stable following flooding. Wind and rh taken late at 18:09,whiptail (2+)
8/19/14,MV,7,1,"AS, JK, MC",23.0,32.5,25.5,24.0,26.5,40.0,33.5,38.0,40.0,-1.36,-0.76,7:18,9:45,7.30,9.75,0.39,AM,2.45,0.34,-0.45,3,2.5,14.5,14.5,1.7,1.0,39.8,29.2,39.8,0.32,0.80,1,1,3.0,4.0,10,"Emerge 7:15, retreat 9:30. ","Whiptail (2+), spiny lizard (1)"
8/21/14,PH,7,1,"AS, JK, MC",35.5,26.0,46.5,37.0,44.0,28.0,27.0,28.0,46.5,0.56,0.35,16:48,18:43,16.80,18.72,0.28,PM,1.92,-1.26,-0.97,3,2.8,1.6,2.8,-1.3,-1.2,27.6,42.3,42.3,1.14,0.99,1,2,4.5,1.5,4,"Large dust storm building to SE. Hit site at 17:15, lasted 1 hr, then returned to survey post storm. Winds increased to 5-10 mph winds.. However, soil had dropped to 30 C and sun was behind clouds, light that did come through was weak. ",none
8/15/14,SG,7,1,"AS, MC, VS",25.0,34.0,30.0,26.0,27.0,49.0,34.0,42.0,49.0,1.39,0.78,7:16,10:16,7.27,10.27,0.48,AM,3.00,0.35,0.08,3,0.7,3.0,3.0,-2.1,-1.1,19.2,22.6,22.6,-1.93,-0.52,1,1,0.0,0.0,20,none,"whiptail (1+), golden eagle (1+), spiny (1), "
8/18/14,WW,7,1,"AS, JK, MC",33.5,32.0,50.0,38.5,46.0,39.5,36.0,39.5,50.0,0.77,0.95,16:10,18:20,16.17,18.33,0.34,PM,2.17,-0.19,-0.73,3,4.3,0.0,4.3,-1.0,-0.9,42.5,50.0,50.0,2.63,1.58,1,1,0.0,0.0,9,"4 Bighorns, 1 ew, 2+ juv, 1 juv/ad, ran through plot. Lizards emerged 17:00, retreat 18:05","whiptail (2+), shrike (H)"
8/18/14,DHS,7,2,"JK, MC",28.0,35.0,28.0,29.5,28.5,52.0,35.0,41.0,52.0,1.06,1.29,7:50,10:15,7.83,10.25,0.38,AM,2.42,-0.74,-0.49,2,3.5,4.0,4.0,-0.4,-1.0,63.0,44.0,63.0,2.12,2.58,4,3,0.0,0.0,9,"thick clouds cover, scattered rain off-site, smoke in valey floor, less evident at site. 2-3 coyotes heard yipping near housing area, end cloud cover mostly broken. Notes on plot coordinates, photos, and veg trans. 3","coyote (H, offsite), ravens (3 overhead), Shrike (H)"
8/22/14,Dillon,7,2,JK,22.0,28.0,23.0,22.0,23.5,40.0,28.5,36.0,40.0,-0.67,-0.76,7:05,9:05,7.08,9.08,0.30,AM,2.00,-0.57,-0.89,1,1.0,2.0,2.0,-1.4,-1.3,NA,NA,NA,NA,NA,1,1,1.0,1.0,9,"no kestrel, rain and dust storm the previous day, many new lizards, didn’t see rrr, most turbines stopped","shrike (H), whiptail (1+)"
8/23/14,I-10,7,2,"JK, MC",25.0,30.5,25.0,23.0,25.5,42.5,31.5,36.5,42.5,-0.45,-0.33,7:35,10:20,7.58,10.33,0.44,AM,2.75,-0.51,-0.16,2,10.9,17.4,17.4,1.0,1.5,23.9,13.5,23.9,0.49,-0.42,1,1,0.0,0.0,3,none,"raven (1), whiptail (2+)"
8/15/14,Mesa,7,2,"AS, MC, VS",37.0,34.0,48.0,37.5,44.0,38.0,36.0,35.0,48.0,0.35,0.61,16:43,18:45,16.72,18.75,0.31,PM,2.03,-1.63,-0.85,3,9.8,5.5,9.8,0.2,0.1,25.0,30.4,30.4,-0.08,0.08,1,1,2.0,2.0,7,none,"whiptail (1+), Kestrel (1)"
8/17/14,Mission,7,2,"AS, JK, MC",38.0,34.0,47.0,41.5,46.5,35.0,35.0,35.5,47.0,0.27,0.44,17:10,19:07,17.17,19.12,0.29,PM,1.95,-1.49,-0.93,3,6.6,7.3,7.3,-0.1,-0.3,17.3,19.5,19.5,-1.35,-0.76,1,1,0.0,0.0,7,"emerge 18:00, retreat 18:45. plot coord and photos on this sheet","whiptail (1), tarantula den near SE corner (1)"
8/21/14,MV,7,2,"AS, MC",25.0,29.5,28.5,24.5,27.0,32.5,30.0,38.0,38.0,-1.86,-1.10,7:45,10:15,7.75,10.25,0.40,AM,2.50,0.44,-0.41,2,3.5,9.5,9.5,0.5,0.1,42.4,36.7,42.4,0.49,1.00,1,2,3.0,3.0,11,none,Whiptail (2+)
8/22/14,PH,7,2,"AS, JK, MC",38.5,31.0,44.5,36.5,43.0,35.5,34.0,35.0,44.5,0.11,0.01,16:18,18:18,16.30,18.30,0.30,PM,2.00,-1.21,-0.89,3,6.1,11.1,11.1,0.5,0.4,25.4,27.0,27.0,-0.03,-0.18,NA,NA,4.5,4.5,12,Erosion evident due to recent flooding. ,Whiptail (1)
8/16/14,SG,7,2,"JK, MC, VS",27.0,36.0,30.0,24.0,26.0,48.0,34.0,40.4,48.0,1.23,0.61,7:18,9:30,7.30,9.50,0.34,AM,2.20,-0.90,-0.69,3,4.3,7.1,7.1,-1.4,-0.4,27.9,20.9,27.9,-1.43,-0.11,1,1,0.0,0.0,30,start time estimated (listed at 7:78). Some lizard info in torries notes. ,"whiptail (3+), shrike (1, offplot)"
8/19/14,WW,7,2,"AS, JK, MC",33.0,29.5,47.0,37.0,44.0,31.0,31.0,33.0,47.0,0.22,0.44,17:00,18:33,17.00,18.55,0.19,PM,1.55,-1.10,-1.32,3,8.8,12.3,12.3,0.3,0.6,27.0,35.8,35.8,1.30,0.49,1,1,3.0,3.0,7,"windy, air was 90 F at 4 pm, cooler than average. Plot photos and coordinates","Raven (2, +1H)"
8/24/14,I-10,7,3,"JK, MC",24.5,32.5,27.5,26.0,24.0,42.5,38.0,30.5,42.5,-0.45,-0.33,8:06,10:12,8.10,10.20,0.32,AM,2.10,-1.02,-0.79,2,16.5,15.2,16.5,0.8,1.4,24.3,12.6,24.3,0.53,-0.39,1,1,0.0,0.0,5,search started 7:45,"whiptail (2+), raven (1), cactus wren (H)"
8/18/14,Mission,7,3,AS,24.5,35.5,26.5,28.5,26.0,47.5,40.5,44.0,47.5,0.38,0.52,7:00,10:45,7.00,10.75,0.57,AM,3.75,0.95,0.80,1,5.0,2.0,5.0,-0.7,-0.8,NA,NA,0.0,-3.31,-2.25,4,2,0.0,0.0,9,"recaps only, wind estimated. Raining at start of survey. Lizard retreat 10:45. slight sprinkle at 7:00, foggy, lizards emergy 8:50","shrike (H), red-tailed hawk (H), whiptail (1+)"
8/23/14,PH,7,3,"JK, MC",34.5,31.5,43.5,38.0,41.5,36.0,31.0,35.0,43.5,-0.11,-0.16,16:13,18:20,16.22,18.33,0.33,PM,2.12,-1.14,-0.77,2,7.3,11.8,11.8,0.7,0.5,12.1,19.6,19.6,-0.60,-0.75,1,1,5.0,5.0,12,none,none
3/16/15,DHS,8,1,"JK, LH",25.5,30.0,29.5,NA,28.5,45.0,35.0,45.0,45.0,0.28,0.10,8:38,14:07,8.63,14.12,0.74,AM,5.48,2.35,2.47,2,1.8,5.7,5.7,0.1,-0.6,19.7,13.5,19.7,-1.09,-0.74,2,1,0.0,0.0,19,"whispy clouds, cloud cover in the am, recent tire trachs through the plot","Mocking bird (1+), Ravens (2), Whiptail (1+)"
3/17/15,Dillon,8,1,"JK, LH",26.0,31.5,32.0,25.0,29.0,45.5,31.0,40.0,45.5,0.13,0.18,9:20,11:58,9.33,11.97,0.42,AM,2.63,0.22,-0.28,2,3.7,6.6,6.6,-0.2,-0.5,19.2,15.6,19.2,-0.33,-0.78,3,1,1.0,3.0,13,"dense am cloud cover, thinning at 9:30",Raven (2)
3/20/15,I-10,8,1,"JK, LH",17.0,28.0,17.0,13.0,19.0,41.0,27.0,40.0,41.0,-0.77,-0.59,8:36,13:28,8.60,13.47,0.69,AM,4.87,1.14,1.87,2,3.0,7.6,7.6,-0.7,-0.3,45.7,29.5,45.7,2.89,1.25,1,1,1.0,1.0,10,"abundant mustard annual, stephanomeria. Jade began to survey plants at 12:00","Whiptail (2+), raven (2), hawk (1) "
3/13/15,Mesa,8,1,"JK, LH",23.5,28.0,24.0,18.5,25.5,49.0,27.0,36.0,49.0,0.56,0.78,9:01,14:13,9.02,14.22,0.72,AM,5.20,3.55,2.20,2,7.3,5.6,7.3,-0.3,-0.3,26.0,19.5,26.0,-0.55,-0.26,1,1,3.0,3.0,11,"abundant annual forbs, jk to plants at 12:30","Raven (2+), 2 uta (uncaught)"
3/15/15,Mission,8,1,"JK, LH",23.0,30.5,21.0,20.5,21.0,30.0,28.9,36.0,36.0,-2.03,-1.44,7:52,14:30,7.87,14.50,0.82,AM,6.63,4.86,3.58,2,3.4,6.0,6.0,-0.4,-0.6,21.4,17.1,21.4,-1.16,-0.61,1,1,0.0,0.0,21,"few whispy clouds, lots of forb cover, started early, first lizard was cold. Jade left plants at 12:00, few lizards out at last survey",Whiptail (2+)
3/18/15,MV,8,1,"JK, LH",23.0,28.0,28.5,22.0,28.5,39.0,28.0,34.5,39.0,-1.61,-0.93,9:20,14:23,9.33,14.38,0.70,AM,5.05,5.57,2.05,2,9.8,17.5,17.5,2.3,1.5,30.0,22.8,30.0,-0.33,0.05,2,2,3.0,4.0,12,"yellow measuring tape is missing 1 mm, used all week post mesa. Large rain clouds building",Shrike (1)
3/19/15,PH,8,1,"JK, LH",22.0,29.0,31.0,22.5,31.0,50.0,27.0,43.0,50.0,1.35,0.95,10:00,13:03,10.00,13.05,0.48,AM,3.05,-0.58,0.12,2,1.6,2.0,2.0,-1.4,-1.3,38.3,32.5,38.3,0.83,0.68,1,1,1.0,1.0,15,cloudy late into the morning,"Redtail (4 soaring), whiptail (2 +), raven (1+)"
3/14/15,SG,8,1,"JK, LH",19.0,28.0,18.0,16.5,21.0,37.0,26.5,36.0,37.0,-0.53,-1.27,8:25,15:04,8.42,15.07,0.82,AM,6.65,6.06,3.59,2,0.6,2.5,2.5,-2.2,-1.2,40.5,22.2,40.5,-0.24,0.85,1,3,0.0,0.0,32,12:00 jade went to plants. Clouds light and whispy. Wind higher midday than suggested by start end measures. 10 cows to NW. End temps shaded by clouds,"Rockwren (2+), Raven (1), Whiptail (1+), red-tailed hawk (1), Towhee (1), Hikers!"
3/21/15,WW,8,1,"JK, LH",23.5,30.0,32.0,23.0,26.0,48.5,31.0,41.0,48.5,0.50,0.69,8:45,12:55,8.75,12.92,0.62,AM,4.17,2.76,1.20,2,11.1,3.5,11.1,0.1,0.4,15.7,12.3,15.7,-0.59,-1.05,1,1,3.0,3.0,12,"Large hole dug into stream bed on the east side of the plot, footprints. 2 ft by 2 ft wide. Jade began to survey plants at 11:00","Raven (1), Whiptails (3+)"
5/16/15,DHS,9,1,"JK, LH",17.5,23.5,29.5,14.5,27.5,44.5,23.0,37.5,44.5,0.22,0.01,9:00,12:05,9.00,12.08,0.49,AM,3.08,-0.07,0.16,2,4.1,10.0,10.0,1.3,0.2,47.6,38.2,47.6,0.98,1.40,1,1,0.0,0.0,14,"major precipitation and clouds for 2 or more days prior to survey. Cold overnight lows, 40-60 range. Most annuals dead, slight dust haze. Some plant notes",Whiptail (2+)
5/20/15,Dillon,9,1,"JK, LH",23.0,27.0,38.0,23.0,31.0,43.5,30.0,37.0,43.5,-0.16,-0.16,9:43,12:30,9.72,12.50,0.44,AM,2.78,0.40,-0.13,2,7.8,10.4,10.4,0.7,0.2,28.9,19.0,28.9,1.20,-0.04,2,1,3.0,3.0,11,cloud cover until 9:00 aprox. Strong winds began when clouds abated. Intermittent cloud cover at start of survey. ,None
5/24/15,I-10,9,1,"JK, LH",20.0,22.5,33.5,22.5,28.5,34.0,25.5,27.5,34.0,-2.28,-1.78,13:20,16:00,13.33,16.00,0.43,PM,2.67,-0.58,-0.24,2,19.4,23.9,23.9,2.1,2.7,53.2,48.8,53.2,3.72,1.83,1,1,4.5,4.0,11,Buggy dude observed twice driving very fast!,Raven (1)
5/16/15,Mesa,9,1,"JK, LH",20.0,21.0,33.0,19.5,31.0,28.0,21.5,26.5,33.0,-2.83,-1.95,14:45,17:30,14.75,17.50,0.44,PM,2.75,-0.46,-0.16,2,11.4,11.4,11.4,0.5,0.4,41.7,44.8,44.8,1.43,1.18,1,1,3.0,3.0,7,"Storm clouds building, recent stormy weather in previous couple days","Raven (2+), Rock wren (1+) Red tail (2, soaring off plot), Kestrel (1 off plot)"
5/18/15,Mission,9,1,"JK, LH",22.0,21.5,33.0,24.0,31.0,29.5,23.0,25.0,33.0,-2.66,-1.95,14:15,17:25,14.25,17.42,0.50,PM,3.17,0.16,0.24,2,11.6,10.4,11.6,0.9,0.5,30.1,35.0,35.0,0.21,0.43,1,1,0.0,0.0,12,"heavy winds throughout day, some plant notes, ","Unk hawk (1), Raven (H1)"
5/18/15,MV,9,1,"JK, LH",18.5,23.0,47.0,19.5,24.5,38.5,22.5,31.0,47.0,0.37,0.44,9:40,12:35,9.67,12.58,0.46,AM,2.92,1.28,0.00,2,22.8,22.3,22.8,3.5,2.5,45.0,37.0,45.0,0.66,1.20,1,1,3.0,3.5,9,wind is strong. Large cloud masses near banning. Lizards were sheltering near shrubs and not basking.,"Night lizard (1), desert horned lizard (1), rock wren (1 off plot), whiptail (1+), red racer (1 off plot)"
5/20/15,PH,9,1,"JK, LH",27.5,25.5,51.0,29.0,36.0,40.0,30.5,36.5,51.0,1.58,1.12,14:00,16:27,14.00,16.45,0.39,PM,2.45,-0.94,-0.45,2,12.1,10.4,12.1,0.7,0.5,22.9,26.1,26.1,-0.10,-0.25,1,1,4.5,4.5,10,Clouds and wind in AM. Juveniles seen. One unknown beaded lizard,Whiptail (1+)
5/22/15,SG,9,1,"JK, LH",14.5,17.0,26.5,14.5,19.5,34.5,17.5,26.0,34.5,-0.93,-1.70,9:30,13:01,9.50,13.02,0.55,AM,3.52,1.16,0.57,2,15.2,15.8,15.8,0.2,1.2,55.6,40.8,55.6,1.18,2.01,1,1,0.0,0.0,15,"Most annuals dried, but some still flowering. Winds are strong and cold but less intense than in the valley",Raven (2)
5/23/15,WW,9,1,"JK, LH",21.5,19.5,36.5,24.0,31.0,28.0,23.0,26.5,36.5,-1.69,-1.36,14:40,17:10,14.67,17.17,0.40,PM,2.50,0.30,-0.41,2,16.0,15.1,16.0,0.9,1.3,45.6,49.6,49.6,2.59,1.55,1,1,3.5,3.5,10,hatchlings observed but not noosed,None
5/17/15,DHS,9,2,"JK, LH",25.0,25.5,37.0,31.0,39.0,38.5,31.5,38.0,39.0,-0.40,-0.93,15:20,17:15,15.33,17.25,0.28,PM,1.92,-1.25,-0.97,2,5.6,9.7,9.7,1.2,0.1,35.0,35.1,35.1,0.05,0.44,2,2,0.0,0.0,14,no direct radition for open measurement at start. Clouds building since afternoon,"Flycatcher (1), Kestrel (1), Mockingbird (1 at road)"
5/21/15,Dillon,9,2,"JK, LH",19.0,NA,29.5,20.0,25.5,NA,NA,NA,29.5,-2.22,-2.55,10:05,11:00,10.08,11.00,-0.04,AM,0.92,-1.91,-1.93,2,22.0,NA,22.0,3.7,2.4,40.3,NA,40.3,2.99,0.84,NA,NA,NA,NA,3,Estimated end time. Survey discontinued because of poor conditions. Strong winds.,None
5/25/15,I-10,9,2,"JK, LH",27.0,27.0,42.5,30.5,34.5,38.0,29.0,30.5,42.5,-0.45,-0.33,13:50,17:23,13.83,17.38,0.55,PM,3.55,0.11,0.61,2,17.4,17.1,17.4,1.0,1.5,36.8,38.3,38.3,2.08,0.68,1,1,3.5,4.5,10,None,None
5/17/15,Mesa,9,2,"JK, LH",18.5,24.0,25.0,16.0,27.0,45.0,23.0,34.5,45.0,-0.28,0.10,8:35,11:54,8.58,11.90,0.52,AM,3.32,0.47,0.38,2,5.9,NA,5.9,-0.7,-0.6,58.1,48.0,58.1,2.83,2.20,1,1,2.0,1.5,13,None,"Whiptail (1), Raven (1), on 5-22 Shrike (2) and Raven (1), on 5-23 Coyote (1)"
5/19/15,Mission,9,2,"JK, LH",25.0,26.0,46.5,26.0,37.0,37.0,26.5,32.0,46.5,0.17,0.35,13:24,16:19,13.40,16.32,0.46,PM,2.92,-0.18,0.00,2,8.1,10.1,10.1,0.5,0.2,31.6,30.1,31.6,-0.13,0.17,1,1,0.0,0.0,14,"None, 036 seen off plot (lizard with large gash in back), not counted for demog survey",None
5/19/15,MV,9,2,"JK, LH",18.5,23.5,30.5,18.5,24.0,38.5,23.0,31.5,38.5,-1.74,-1.01,9:35,12:00,9.58,12.00,0.38,AM,2.42,0.27,-0.49,2,20.5,19.1,20.5,3.0,2.1,45.9,37.5,45.9,0.72,1.27,1,1,3.0,3.5,5,"strong winds continue fro the W, nearby cloud masses sitting at the edge of banning and burning off closer to desert",Whiptail (2+)
5/26/15,PH,9,2,"JK, LH",30.0,29.0,44.0,30.0,31.5,44.0,32.0,37.5,44.0,0.00,-0.07,13:12,15:55,13.20,15.92,0.43,PM,2.72,-0.78,-0.20,2,8.4,10.9,10.9,0.5,0.3,26.9,30.0,30.0,0.20,0.05,3,2,3.5,3.5,13,"Open start temps taken under cloud shade. Sunny and worm in the morning, turbines very noisy. Both LH and JK took a 15 minute survey break. Clouds were thin and spread out, partially covering the sun.",Raven (5+ seen presurvey)
5/23/15,SG,9,2,"JK, LH",15.5,19.5,29.0,17.0,24.5,40.5,21.0,30.0,40.5,0.03,-0.67,9:35,12:47,9.58,12.78,0.51,AM,3.20,0.67,0.27,2,11.2,16.3,16.3,0.3,1.3,57.2,50.5,57.2,1.33,2.13,1,1,0.0,0.0,21,None,"Bullsnake (1), Raven (2)"
5/24/15,WW,9,2,"JK, LH",17.0,19.5,27.0,17.5,22.0,37.5,21.0,29.5,37.5,-1.51,-1.19,9:00,12:33,9.00,12.55,0.55,AM,3.55,1.85,0.61,2,16.5,17.6,17.6,1.2,1.6,58.0,54.1,58.0,3.38,2.19,1,1,3.0,3.0,9,None,"Rock wren (1), Raven (1)"
5/26/15,Dillon,9,3,"JK, LH",24.0,30.5,34.0,23.5,29.0,50.0,31.5,43.5,50.0,0.79,0.95,8:58,11:38,8.97,11.63,0.43,AM,2.67,0.26,-0.24,2,2.3,6.5,6.5,-0.3,-0.5,42.3,25.5,42.3,3.30,0.99,1,2,1.5,2.0,17,Clouds thin and wispy.,None
5/25/15,MV,9,3,"JK, LH",19.0,25.0,29.5,21.0,26.0,44.5,26.0,34.0,44.5,-0.25,0.01,9:20,12:40,9.33,12.67,0.52,AM,3.33,2.12,0.40,2,16.4,12.9,16.4,2.1,1.3,58.6,40.6,58.6,1.57,2.24,1,1,4.0,4.0,12,"wind much less in the AM, yet area is a little smoggy",Whiptail (1)
6/22/15,DHS,10,1,"JK, LH",28.5,34.0,31.0,29.5,32.0,51.5,42.5,43.5,51.5,1.00,1.21,7:39,10:07,7.65,10.12,0.39,AM,2.47,-0.69,-0.44,2,0.0,1.7,1.7,-1.0,-1.4,24.4,19.7,24.4,-0.74,-0.38,1,1,0.0,0.0,12,No smoke from fire,"Shrike (H), Mockingbird (H off plot), Whiptail (1)"
6/25/15,Dillon,10,1,"JK, LH",28.5,35.0,30.0,28.0,30.0,46.5,32.5,43.5,46.5,0.28,0.35,6:42,9:24,6.70,9.40,0.43,AM,2.70,0.30,-0.21,2,1.5,0.0,1.5,-1.6,-1.4,14.6,20.4,20.4,-0.14,-0.69,1,1,1.0,1.0,9,"Wind low but still gusty, turbines not running. No smoke cover from recent fire, hot and still.","Whiptail (2+), juvenile whiptail (1)"
6/19/15,I-10,10,1,"JK, LH",39.0,34.5,41.5,39.0,41.0,34.5,36.0,35.0,41.5,-0.66,-0.50,16:50,19:31,16.83,19.52,0.43,PM,2.68,-0.57,-0.23,2,15.1,16.7,16.7,0.9,1.4,12.1,18.0,18.0,-0.16,-0.87,4,4,3.0,3.0,9,"Cloud cover was smoke from wildife. Break LH and JK for 20 min to obseve rattler. Sun not out all day except during break.  Large turbines s (3.64, 3.63, 3.14, 3.4), e (3.58, 3.61, 3.27, 3.31) ","Whiptail (1+), speckled rattlesnake (1)"
6/17/15,Mesa,10,1,"JK, LH",27.0,35.0,29.0,28.0,30.5,45.0,32.5,43.5,45.0,-0.28,0.10,7:15,9:40,7.25,9.67,0.38,AM,2.42,-1.01,-0.49,2,1.2,6.3,6.3,-0.6,-0.5,19.3,7.5,19.3,-1.25,-0.77,1,1,3.0,4.0,11,"Address for Mesa turbines. Very hot this week, rowland saw roadrunner and speckled rattler on site recently. Noise measures on reverse.","Rock wren (1), raven (1+), whiptail (1+)"
6/21/15,Mission,10,1,"JK, LH",35.0,33.5,40.5,37.0,39.5,35.5,36.0,35.0,40.5,-1.09,-0.67,17:15,18:32,17.25,18.53,0.11,PM,1.28,-2.39,-1.58,2,12.7,11.3,12.7,1.1,0.7,21.6,22.8,22.8,-1.02,-0.50,1,2,0.0,0.0,8,"Smoke from fire partially shading sun. Ended early, smoke cooled ground and its not getting much warmer",Whiptail (1)
6/19/15,MV,10,1,"JK, LH",31.0,37.5,41.0,25.0,38.5,46.0,35.5,42.0,46.0,0.12,0.27,9:20,12:08,9.33,12.13,0.45,AM,2.80,1.04,-0.12,2,12.8,17.1,17.1,2.2,1.5,13.5,10.7,13.5,-1.43,-1.22,3,4,4.5,4.5,7,"Temps taken at 9:40, Smoke thickening over survey, sun shaded but shining through thin spots. 15 min break LH, JK to measure wind. T st (2.27, 2.17, 2.26, 2.23 sec/ rot), e(2.28, 2.32, 2.29, 2.39)","Shrike (H, 1+), Whiptail (1+)"
6/22/15,PH,10,1,"JK, LH",35.5,33.0,41.0,35.0,38.5,35.0,33.0,34.5,41.0,-0.68,-0.59,17:45,19:03,17.75,19.05,0.11,PM,1.30,-1.63,-1.56,2,15.2,12.1,15.2,1.4,1.1,17.1,17.7,17.7,-0.74,-0.89,3,3,4.5,4.5,8,"No smoke from fire, scattered clouds though, thin and sparse. 107 midday. End temp data was taken in shade. All turbines fast st (sm (1.10, 1.13, 1.28), L(3.13, 3.04, 3.12))",Whiptail (2+)
6/18/15,SG,10,1,"JK, LH",31.1,35.6,35.5,32.3,32.1,45.3,39.3,42.0,45.3,0.80,0.15,7:15,9:36,7.25,9.60,0.37,AM,2.35,-0.66,-0.55,2,6.3,5.5,6.3,-1.5,-0.5,7.5,9.4,9.4,-3.17,-1.53,1,1,0.0,0.0,21,"Wildfire north of site, recent cow activity in plot on south facing hill on north side of gully. Snake shed with single anal plate, divided subcaudals, keeled scales on dorsalmost rows, 22-23 scales in 2nd half of body, 14 caudal scales","Cow (25ish, Off plot), rock wren (4, 1 of these offplot), snake shed (1, unk), desert spiny (1), tarantula hole (1, active), road runner (1), shrike (H), Kestrel (H)"
6/23/15,WW,10,1,"JK, LH",37.5,32.5,49.0,40.5,46.5,33.0,36.0,34.5,49.0,0.59,0.78,17:15,19:15,17.25,19.25,0.30,PM,2.00,-0.44,-0.89,2,5.7,9.9,9.9,-0.1,0.1,13.8,21.3,21.3,-0.06,-0.62,1,1,4.5,4.5,7,"End temps taken after sundown. Turbines st (3.07, 2.82, 2.17 sec/rev), e (3.03, 3.05, 3.05). Sound measures on reverse","Raven (H), whiptail (1)"
6/23/15,DHS,10,2,JK,27.3,32.5,27.8,26.8,28.2,39.0,33.4,40.0,40.0,-0.28,-0.76,7:31,9:11,7.52,9.18,0.22,AM,1.67,-1.50,-1.21,1,1.7,4.3,4.3,-0.3,-0.9,18.0,16.1,18.0,-1.21,-0.87,1,1,0.0,0.0,11,Temps taken with Kestrel. Some thin clouds blocking sun in AM,"Whiptail (2+), juv (1)"
6/26/15,Dillon,10,2,LH,30.0,33.5,34.0,30.0,32.5,37.5,33.5,36.5,37.5,-1.04,-1.19,7:00,9:36,7.00,9.60,0.41,AM,2.60,0.18,-0.31,1,1.6,2.9,2.9,-1.2,-1.2,28.4,33.9,33.9,1.98,0.35,2,4,1.0,1.0,8,Early am sun weakened by smoke haze and some low clouds. Clouds were generally large and fluffy with greater coverage at the end of the survey,"Whiptail (1+), juvenile whiptail (1)"
6/20/15,I-10,10,2,"JK, LH",38.0,35.0,44.0,39.5,43.0,37.0,38.5,NA,44.0,-0.13,-0.07,18:15,19:20,18.25,19.33,0.03,PM,1.08,-1.82,-1.77,2,14.8,14.2,14.8,0.6,1.0,17.7,19.3,19.3,-0.02,-0.77,1,1,3.5,3.0,5,"Fire smokey, mostly dissapaited by mid-morning s(3.15, 3.69, 3.29, 3.29), e(3.65, 3.67, 3.30, 2.40). Notes that there has been little effort to catch juveniles during this sample period","Whiptail (1), Desert spiny (1, offplot)"
6/18/15,Mesa,10,2,"JK, LH",37.0,33.0,48.5,40.5,43.0,36.0,36.0,35.0,48.5,0.46,0.69,17:34,19:10,17.57,19.17,0.20,PM,1.60,-2.34,-1.27,2,12.7,15.1,15.1,1.4,1.1,13.3,16.5,16.5,-1.54,-0.99,2,2,4.5,4.5,8,"Clouds were smoke, fire is building to the N","Whiptail (1+), raven (1), rattlesnake (incidental, during hormone survey)"
6/23/15,Mission,10,2,LH,28.0,35.0,27.5,27.0,28.0,59.5,33.0,44.0,59.5,2.89,2.57,7:15,10:30,7.25,10.50,0.51,AM,3.25,0.27,0.32,1,2.9,4.3,4.3,-0.8,-0.9,14.5,7.6,14.5,-1.85,-1.14,1,1,0.0,0.0,12,smoke from fire present for first half of survey,"Whiptail (1+), red diamond shed (1)"
6/20/15,MV,10,2,"JK, LH",31.0,39.0,35.0,29.5,33.0,56.5,36.5,47.0,56.5,2.73,2.06,8:00,10:30,8.00,10.50,0.40,AM,2.50,0.44,-0.41,2,16.1,8.1,16.1,2.0,1.3,19.6,10.4,19.6,-1.02,-0.75,3,2,4.5,4.5,10,"Fire reduced since yesterday, Smoke still expansive but thinned, receeded by end of survey. T st (2.26, 2.33, 2.28) E (2.37, 3.09, 2.14, 2.35)","Shrike (H, 1+), whiptail (2+), horned lizard (1), road runner (offplot 1), rattlesnake (incid, during hormone survey)"
6/24/15,PH,10,2,JK,30.3,35.8,30.1,30.5,32.5,44.0,34.7,38.2,44.0,0.00,-0.07,7:16,9:09,7.27,9.15,0.27,AM,1.88,-1.28,-1.00,1,4.8,19.9,19.9,2.4,2.0,NA,NA,NA,NA,NA,1,1,3.5,4.0,10,"No smoke during am survey, Most turbines running at moderate speeds St (s(1.6, 1.7), L(3.3, 3.13)), E ( s(1.21, 1.06), L(3.39, 2.95)), temps taken with kestrel",Whiptail (1+)
6/20/15,SG,10,2,"JK, LH",29.0,30.0,32.0,29.0,30.5,43.0,30.0,35.0,43.0,0.43,-0.25,7:20,9:52,7.33,9.87,0.40,AM,2.53,-0.38,-0.37,2,4.5,3.3,4.5,-1.8,-0.9,17.5,28.6,28.6,-1.36,-0.06,1,1,0.0,0.0,26,"Wildfire smoke minimal, recent cow activity in plot, flies abundant, smoke thickened during 1st hour of surveying. Clouds present but thin/ smokey, low, only during first 2 hours after sunrise","Shrike (H), Cows (10), rockwren (H), Whiptail (2), Kestrel (H)"
6/24/15,WW,10,2,LH,29.0,35.5,32.0,28.0,30.0,46.0,35.0,41.0,46.0,0.04,0.27,7:01,10:14,7.02,10.23,0.51,AM,3.22,1.36,0.29,1,8.8,10.8,10.8,0.1,0.3,19.9,16.7,19.9,-0.20,-0.73,1,1,3.5,2.5,7,Sound measures on rev. ,"Whiptail (1+), shrike (H)"
,,,,,,,,,,,,,,,,,,,,,,,,,,,,,,,,,,,,,,,,,,
